,0.46068825649913736,0.827941810730084,0.4333054521159234,0.3870687386314023,0.8266945971599552,0.6410538281371958,0.27488840242529944,0.0
1,0.663900986860884,0.3974382927649996,0.1199522312654262,0.5121970776398049,0.47512813584490304,0.5302707905538458,0.5850021737029318,1
2,0.15217017687954126,0.5395540594412838,0.5080274102335578,0.4201966833848607,0.38860173425597105,0.7741368232233823,0.5041782066224466,0
3,0.13585503413102318,0.41495034207041076,0.27834108821546877,0.7021475194007958,0.3022763076074867,0.47810391012133063,0.5092532768153926,0
4,0.14877842585826012,0.5058678745518974,0.4005052044137256,0.3074909386353001,0.14203302156591968,0.756951427256771,0.5458538671129067,0
5,0.440596097323798,0.5155939744086888,0.11252168277008695,0.6765556989771586,0.43436116302819605,0.5031625668724581,0.6045203456520208,1
6,0.40158842248892146,0.5961926545685229,0.7239352203844213,0.39022087697344365,0.7450538820277439,0.5291304513210585,0.6186005388122456,0
7,0.10360405803986186,0.36299140981772954,0.29370004570581815,0.37299888934505443,0.4508991296513293,0.4778905823757215,0.4603216857579163,0
8,0.14246378004944826,0.3824345124113467,0.28239938414231847,0.45197585725969897,0.44351225575334263,0.5527277871330175,0.506818795030402,0
9,0.4051881025136477,0.26655396195917047,0.2607847554554645,0.3707022801854903,0.4957491847086457,0.36211460821310293,0.48852122608932097,1
10,0.2111334700537205,0.42701457661693704,0.3225005900453555,0.5872897286116225,0.4516331157995263,0.48209030658169105,0.5094403201762703,0
11,0.44790963355894386,0.18681804463097906,0.3228995140833681,0.4691205689105693,0.507935066244871,0.31773578185369256,0.4319202816433185,1
12,0.396326541181453,0.4466019127898301,0.1565291528411688,0.3634462700251878,0.34316951919639094,0.40365462820244596,0.47617791074081955,1
13,0.13253599511188568,0.4510298447539486,0.3496397602551929,0.48550629999180545,0.3703252920277196,0.5646526062808845,0.549086503530914,0
14,0.10761328542173412,0.31315916498319163,0.2670000402262566,0.3827058603392531,0.5218496465243406,0.49382708865390595,0.5065980509833293,0
15,0.47902941971011775,0.3215755746334553,0.1649020341921832,0.5423179006642879,0.5290812171121176,0.4748565169295215,0.592593009069098,1
16,0.6764907984938097,0.4579458233720381,0.26410500741835924,0.05655038205715801,0.31781268711940625,0.639464182444506,0.7010698313694472,1
17,0.5241688799645999,0.5436425398512073,0.10325796103616913,0.8108986111076252,0.6279195866822985,0.5290540250554919,0.5650635082262755,1
18,0.1226063344236551,0.26604734137907005,0.28998240471153763,0.4556203469255101,0.5988958969463145,0.5461724098724382,0.5732810873210467,0
19,0.10054429717189078,0.378407640706704,0.30850485111093506,0.5278343014781929,0.36024572578307806,0.6062932689974007,0.4522411102284288,0
20,0.1558958505031402,0.2660564797821904,0.26163011624524274,0.21770981819606253,0.5966520869956028,0.4109229918638247,0.479433039203902,0
21,0.4728717828507032,0.5302088964224414,0.2373819834674382,0.23701593359062828,0.4451344301255907,0.7783702998737277,0.38540204814751233,1
22,0.22996905328630654,0.3862027091961524,0.2635222459949749,0.4694308765351221,0.4581404804614891,0.3912827391023749,0.4095201427052041,0
23,0.15279910254453677,0.47785742062543135,0.4639537831869844,0.6048336263138538,0.17802963797116544,0.381721918851753,0.35370750023169945,0
24,0.312167154231319,0.4265674670089108,0.3344735738426098,0.23733867828620833,0.4419386485230455,0.5617578679985493,0.47600394673719154,0
25,0.30975800468909576,0.39295052162450744,0.07881170919791186,0.49864559981566114,0.4216114924430925,0.5883433140168753,0.4992622950676086,1
26,0.11951339972026229,0.3981343923196943,0.270993756293599,0.4555779259701084,0.35678720824677584,0.4438379150230128,0.5034461553720726,0
27,0.47675742038269253,0.18171042722892614,0.31415784686891585,0.4535841110319166,0.45368544371796754,0.3483574681729684,0.46440344813698015,1
28,0.08701760534226566,0.4171613636668696,0.26711365412413995,0.21720233280209753,0.3903491779046309,0.4983079676866161,0.5204890298733503,0
29,0.05363084972584703,0.2932500092569098,0.339894877443802,0.26038005149235255,0.6048575252273756,0.5065564014895453,0.5084796624157861,0
30,0.35581238878897525,0.46783216779287806,0.17647875115722875,0.46355620215598325,0.40177645545556456,0.4558631119457179,0.5525668596793482,1
31,0.16160772876659896,0.37229426112969827,0.3784606051942073,0.489840033854789,0.5529851081421653,0.6993084384867552,0.518319058374204,0
32,0.3989029221468008,0.2951573411538861,0.20776307440512237,0.6880079956582428,0.5245626538722691,0.3826069015352434,0.46787878271936045,1
33,0.4729628309244923,0.23668837099260248,0.509748775863917,0.4571486347251775,0.4659226605605187,0.558643279017192,0.3299945036125904,1
34,0.2327994036235707,0.33336755805906315,0.16943982235052793,0.4989470079068308,0.5274733076838398,0.4719556578731033,0.5695710397181766,1
35,0.09304226987291098,0.2830452148534172,0.3632434774789666,0.272037158007977,0.5065569099293031,0.37117281537704283,0.5505873300572988,0
36,0.2198339046935406,0.2812961692375028,0.24283547310888515,0.5433626184990669,0.48231951031314946,0.390830418783534,0.4818499480850743,1
37,0.08628651260136025,0.324487824239873,0.43168618178720175,0.2937877006916817,0.41272628022813623,0.5333967659435995,0.4453605627144482,0
38,0.045220187454792365,0.45310356007106395,0.3341738384456849,0.4185455869997935,0.37141877347435526,0.5274353458717462,0.5012174648491786,0
39,0.16279125677213047,0.33545022399600327,0.32590864214514403,0.46096239338768064,0.39788023627927777,0.438430938165501,0.4413218848334995,0
40,0.06745190054846031,0.3238542548551189,0.3070515705696941,0.7242027542165277,0.53694416902975,0.590847004208291,0.5671227288703895,0
41,0.8533917174554764,0.41457205952731757,0.3630747078714816,0.30726966555302493,0.3894057763701886,0.5770983823807222,0.5002426002418564,1
42,0.4270010935600438,0.3287416009662863,0.37843478187137214,0.543256912374085,0.38671570028721136,0.41022189512825674,0.3375334373674802,1
43,0.002453169586800197,0.35648624125275435,0.42370780691817017,0.6992796038743967,0.4339127344642561,0.6117175511650411,0.6603837246268864,0
44,0.1510399959595505,0.29693088033340603,0.3156991388355836,0.33937849308039614,0.48970695723101304,0.4485217765898644,0.45999998048124907,0
45,0.039146034083046594,0.34851125010184497,0.3537030477054334,0.3891374058275916,0.48094402516388646,0.48752179177462573,0.5113553461613406,0
46,0.0,0.36599204105608246,0.5832961944143347,0.7254664945161791,0.3410077776873953,0.6956064435860305,0.6496455950297402,0
47,0.16595610669459063,0.5048322330020045,0.2724352877390409,0.4186899635066826,0.5379966017953587,0.5307960197310208,0.5935921394051954,0
48,0.07754921690010336,0.41760006184567694,0.3934185040522083,0.372715776208631,0.23583146358668375,0.40408524409126245,0.49027972874188475,0
49,0.20966194349821304,0.425457731472748,0.48941314272354364,0.4355934313109699,0.5523506234103532,0.4272834614012825,0.40059377070555424,0
50,0.20995514844518506,0.2830412857748296,0.4083212553900621,0.7888550010864399,0.36875158774103595,0.613086320261713,0.43044335148335583,1
51,0.19680713291135138,0.5034046946211294,0.3307061919183833,0.35355867046595063,0.4707585606538669,0.4956240325625901,0.5508518689511435,0
52,0.1036586240082796,0.33723968590597253,0.35068985399264274,0.3381799198468813,0.39528856358958353,0.4291433017043153,0.3930624530997973,0
53,0.1921994091251347,0.2985473814196601,0.35135458825190224,0.6540347223808785,0.48268148488697454,0.5284336649727926,0.4578993503193477,0
54,0.3137588229329459,0.7237173014800355,0.6063808598514561,0.4697573315732511,0.6314244933377979,0.40845171143265113,0.5492929630803413,0
55,0.3837624139904612,0.535402222881969,0.26233858357774253,0.5871932840561275,0.3051440997470463,0.41960381868861835,0.5095714035488597,1
56,0.30022390159040496,0.49784637184031405,0.25118826803066824,0.26172498016090895,0.7782452737277334,0.42306878304943063,0.5859529138398372,0
57,0.1109683834954101,0.28001263397439186,0.31727507953113826,0.4104932409016225,0.5831991280696353,0.495991409681884,0.5524950892273002,0
58,0.15103162185491054,0.3547367061082759,0.36567515948062107,0.42154203650792715,0.6866561332501567,0.42020747894934374,0.4856121312090518,0
59,0.34707657680210297,0.4886187057983234,0.4142847814695256,0.26214826030808175,0.4230349367533722,0.4892847043957475,0.5199754049809436,0
60,0.12352922432559343,0.3380231839818537,0.3160424121223991,0.39815328200124,0.4980128429762396,0.5849512901919306,0.4547869724437526,0
61,0.16425851960326737,0.32953560331690696,0.3594761493796578,0.5768076087908252,0.43435566887052396,0.47037863990879897,0.4841055618839776,0
62,0.21200435370426737,0.21653051104470025,0.3436531395408807,0.5822547667529706,0.4531325466743311,0.41516052106503976,0.4630029110432084,1
63,0.23405912354076516,0.3536789454382247,0.2613081086543064,0.30259688833355375,0.6005095515037344,0.5554610116288952,0.4944063909041332,0
64,0.12920888909467926,0.3722854441108333,0.315787583272654,0.43557177219930704,0.43612881137718656,0.48560535222101164,0.5691034480707798,0
65,0.1990453567274193,0.3561319261888592,0.3102587220017864,0.21824798724945713,0.40741217464758017,0.43293498806773684,0.4290656264871334,0
66,0.22508393631237422,0.4105879659904452,0.2989690456794857,0.43891559344404485,0.4256309296867609,0.4093241441870777,0.5090229257748853,0
67,0.11841374186788312,0.35910103924690406,0.2596033274499852,0.6140454971222966,0.4065897070099263,0.4178876537158352,0.5068332958264234,0
68,0.14043446093092554,0.5330901435135927,0.22414295605267154,0.2932789929720543,0.3749839340110787,0.3060651866188358,0.5463317921457762,0
69,0.31456978316887996,0.318386130820728,0.36984694222944026,0.3920530853481537,0.39656515663079434,0.4557138400563955,0.5477602242451256,1
70,0.4228869464027827,0.3276679046069364,0.3732315945950795,0.292722041713418,0.45653654866022764,0.36029283116985333,0.5457143815507106,1
71,0.3532382102992142,0.48580499962103185,0.26385214349121805,0.45350074367276694,0.3054452853871806,0.3536759902813474,0.5955466655673436,1
72,0.29952425860106985,0.43433375121826634,0.28682197111863755,0.6145732393458233,0.5442434553007769,0.48750190123446885,0.5323636335722763,0
73,0.19700650568061046,0.3703365943790383,0.2991071422451238,0.282826330046686,0.3997194458266922,0.47238873971630735,0.3588721519770167,0
74,0.38265673898224206,0.4336022597064303,0.20092405940444422,0.13722415121723286,0.4246950523655173,0.428035485341976,0.4721535036929984,1
75,0.1922102546022219,0.4072819500714778,0.49692055117061595,0.5679108724303429,0.5954293694982914,0.5405029740073812,0.5763861839591142,0
76,0.46490493654874876,0.26382628831400684,0.2832132932132979,0.38587904765203696,0.3561795537663574,0.46028306702414984,0.46137789756439085,1
77,0.1347898921088786,0.34597614014893796,0.23505091931105046,0.4211963891987862,0.493829236805633,0.48510522594153926,0.5122129329729654,0
78,0.18739425975058305,0.4137502520845301,0.411397915408249,0.44280799692716233,0.5286853439075269,0.5607821574717297,0.49945482624950194,0
79,0.03848084226846102,0.34808039248091727,0.42914884027129674,0.5450371718545592,0.3733777019888005,0.5464129647679845,0.5432482691819681,0
80,0.11739540550893543,0.39921944107941837,0.4021492571621137,0.553408877644461,0.33764973443223434,0.6746960802292696,0.4427561494499126,0
81,0.2516262758743834,0.21784991066324427,0.35905063288547734,0.4076805743682551,0.49171073441842716,0.44372235329234117,0.28297129726245684,1
82,0.18030544862806472,0.32673808895312084,0.3043787401795013,0.6064293709233839,0.4777494231942102,0.5110659903095003,0.4439926228830591,0
83,0.06994244447321554,0.4372838909014077,0.34672241572136664,0.34436871599836294,0.3714577027122466,0.3925087875258536,0.4462711007307659,0
84,0.5814813504982952,0.464950611814215,0.3242322383371583,0.20473881131837893,0.2529095303334691,0.6161313661252705,0.5492623055751573,1
85,0.07872668291631776,0.3700880428252622,0.27988526009540715,0.3509333044931025,0.5652719585015691,0.4683115138482168,0.62350199838567,0
86,0.09994981244079529,0.23548714703229617,0.3546281387414952,0.37357952485069895,0.4837505989595119,0.5308225530329242,0.46820187578922134,0
87,0.20602458562087908,0.6525282664598416,0.40126139753528345,0.6635725330825248,0.4838587415640798,0.3227483714008482,0.5053760515772969,0
88,0.6724287700448832,0.4731555153908317,0.4603649038457611,0.5881715815983067,0.5278105810157148,0.8805187117152746,0.5280760446660814,1
89,0.13228900404916377,0.3294028044534464,0.263355511739191,0.346620093844506,0.4877981889151546,0.6289400630224246,0.4918303531680439,0
90,0.4787343695479959,0.31135017625977585,0.22742939081417363,0.5899834772119474,0.41358406003297654,0.34660138764597476,0.47288002855235156,1
91,0.47852045720290637,0.24165615587257597,0.3924102529388466,0.4307688787921475,0.4094043800288728,0.5043852352176669,0.5318125955108892,1
92,0.11294725778926903,0.3768867127950289,0.3806017674886435,0.40710193212745877,0.5020362039926696,0.40824755960429226,0.566361165922554,0
93,0.09854573339828082,0.35604419713544116,0.31963376922673276,0.5021028210466294,0.41358653585648253,0.4610462773671253,0.5303846335195177,0
94,0.21010949691828174,0.4228793372608889,0.27648927646075083,0.3295832636898902,0.3907355487566893,0.5709978175368001,0.42332168378216717,0
95,0.2223269431770573,0.3370124690561779,0.18509757813443165,0.6593633112894532,0.4384707168467284,0.4691783821250954,0.5071388062232515,1
96,0.13235190253091778,0.4930900245945572,0.3304496619274363,0.3945157902845554,0.4595039999616054,0.3969310299641776,0.4810196843852896,0
97,0.09585319750757737,0.47118560378123353,0.500522307282728,0.5630916293874381,0.3709650904353614,0.5037545838992048,0.44911515103152666,0
98,0.19895985407517153,0.572545256419057,0.29844789425062634,0.3225955650804906,0.307338413496406,0.28725646024999874,0.5116968440348869,0
99,0.04155758997628095,0.37045745975852706,0.42888965980250404,0.42151498328336,0.2716999832501782,0.6195131125574661,0.5003769990372912,0
100,0.38854833511028236,0.5627870237102885,0.12882123243266055,0.45129306774632394,0.3747267695651966,0.5983916138606513,0.7016516358657607,1
101,0.1951492192471103,0.5516008301832058,0.4345234211833399,0.45596689351310676,0.3770527133698851,0.3429420002365011,0.5001247113394698,0
102,0.12092341071885718,0.35794095495994055,0.30322654963591084,0.36878026422712423,0.36641970268420376,0.44404117749719596,0.44378168283647135,0
103,0.0965689329080188,0.46034744080813705,0.502889972540954,0.3314647107699523,0.34852650504295024,0.3442820681232393,0.3520453340997661,0
104,0.10297894016453435,0.3926559873569583,0.2978886165095155,0.38140123542001614,0.4602534553531474,0.6210625105937878,0.5072976625338976,0
105,0.06918667902039102,0.3209626300981395,0.5408980671925734,0.4700506818278507,0.442451584034698,0.5614705758421437,0.4628053905077547,0
106,0.3526183871122507,0.4225426729838748,0.19926091572271207,0.5114007882508926,0.42147413680117024,0.5153774572227601,0.56610416999806,1
107,0.18430070882691268,0.3079731647687351,0.35076928195934737,0.5329911460332981,0.4630468662346402,0.41805873194494325,0.39771703730778074,0
108,0.47875647457074866,0.2982476460638813,0.21451892370047262,0.4373971125179697,0.30775848368726444,0.39554978531514223,0.5711910844416457,1
109,0.45593661457955814,0.4387278600086263,0.17310537663154707,0.4511289609667045,0.32593837770625383,0.400236066721567,0.5415092706708842,1
110,0.14946054961000055,0.3806944634244995,0.3027431337285011,0.4277753225384257,0.38676331500867195,0.6515126050852262,0.44245015623717593,0
111,0.12815034437095343,0.49061474317450304,0.34477349962648746,0.6186125347516075,0.29137282162659556,0.3531790158088352,0.5081546839160376,0
112,0.6029891319008229,0.2312347451033463,0.4358680549087881,0.3862902010507797,0.5145758775713962,0.4506796186145813,0.6601413114204804,1
113,0.12489723564100397,0.33361169533954194,0.3856743739982174,0.5688870215173768,0.44827278780750074,0.5148451514146507,0.52944581720602,0
114,0.03449803479175603,0.36040936861343553,0.40622415489992025,0.2634501583062636,0.5097186297317777,0.5688684370107037,0.5147148896330552,0
115,0.11934267480248625,0.33722582824637126,0.2773893139357673,0.6174043821539468,0.45631351589076363,0.4768670971717455,0.5644906904945902,0
116,0.20074252728849976,0.4249819628751722,0.2840315236091959,0.3392502273714505,0.3113323072787919,0.4564305073922856,0.5074197954581904,0
117,0.20037593107355045,0.31388997525647966,0.31102593576237525,0.22956921742466488,0.4816199852288136,0.48013104491392744,0.4754532846694362,0
118,0.09190544309212295,0.32726348206637057,0.5224823519977996,0.9747534330748058,0.29770839108165503,0.5484426851814398,0.5956405175941515,0
119,0.11526624304889571,0.35182112961588935,0.2974727996356094,0.4906815792499712,0.48089114684612877,0.4061379795025549,0.5685519237184942,0
120,0.277752942800715,0.4004375506480603,0.2927533109970829,0.6385518925998056,0.47569673531098616,0.4030596200176336,0.4061854912364798,1
121,0.38060997257166984,0.4053450276850605,0.2930978237244932,0.3833650687472316,0.478524444338591,0.35551912815660414,0.3959260951236354,1
122,0.6838840361966505,0.10490082531171702,0.2899322429163858,0.42278337676984973,0.437279224025226,0.38408566544851935,0.40422247199449207,1
123,0.14343324170754426,0.43026048762638425,0.29878806772942945,0.25174339819204894,0.5429855031402667,0.43190880973610046,0.6078477138564313,0
124,0.12050543933199698,0.24978709856140296,0.3823829888400274,0.37516669528861635,0.5594026252923048,0.43355126634196145,0.5160984929945011,0
125,0.4416741822351056,0.1335272489624397,0.2829147459338242,0.5399341759299605,0.4354625793369351,0.4020396595543553,0.475487705650717,1
126,0.17619914960081473,0.3729976229096703,0.3259061139424258,0.4529110921108115,0.48220037185658204,0.36620674001525266,0.5485996145483901,0
127,0.10538705365640039,0.2960380624310866,0.3442771758486825,0.4422463458747872,0.45561184333082655,0.41843164407954975,0.509130693095507,0
128,0.33445979650110724,0.17493567256504872,0.3634774028542439,0.3623847743073173,0.48883621008108236,0.6285866640902136,0.39825693453944255,1
129,0.09109051866194673,0.2604816536370872,0.33559585888747073,0.47571937454824376,0.4974329766211001,0.48440813884109013,0.5139733218421274,0
130,0.36442465865019724,0.5589629732351258,0.135355674578439,0.3179922162794328,0.341677971445786,0.4377781219606014,0.5441601262295707,1
131,0.1615078347974222,0.5640470345667309,0.5760730194849846,0.2790397612766172,0.5684862850707911,0.2181621606296919,0.37354056472842784,0
132,0.49938333590236184,0.36687658914752,0.22814206319565422,0.27569686107672914,0.4634565066064192,0.5128333024559069,0.4073751728206991,1
133,0.14272537371152583,0.3467514139742694,0.2522689712229501,0.21704071004306552,0.5288485492992349,0.3840833805452557,0.5566596992408476,0
134,0.16243428245960506,0.23645548118721157,0.27051890709779236,0.5442599153278127,0.550010597240332,0.48530272862655394,0.5076862817671253,1
135,0.10128575731166872,0.402897358661737,0.277315325740151,0.3485566458893028,0.3802994399835387,0.385567623014717,0.4794259016105131,0
136,0.2665424029669332,0.3910327375973304,0.26994531839112296,0.3336866621862748,0.5049325389027906,0.5246286865332986,0.5116647267294259,0
137,0.26243372824191474,0.30541714988497326,0.27743914326814734,0.509579499775252,0.4098348352162536,0.39153507352101474,0.49216272889371765,1
138,0.15511219236193816,0.3841837395083068,0.24348556818259653,0.3080877979210539,0.42910822943735755,0.4040034964120599,0.5185915967065664,0
139,0.078420259087285,0.4092727389201485,0.3916007765486146,0.5051638511552807,0.437740269962944,0.45150663425644,0.5426845279741401,0
140,0.24044059152162434,0.48988040378969877,0.33869667319325175,0.46652881905248483,0.601221265843736,0.34043089253464187,0.5011894137482888,0
141,0.5869964528215117,0.8494426731663358,0.09078933482967769,0.41823880037270306,0.18308325192689284,0.7966933264777001,0.6096136092370582,1
142,0.19085182928170036,0.4478112716151903,0.30262845365981006,0.3411296745128882,0.2780297729169167,0.45859783256511855,0.36947966261501136,0
143,0.4051658601108603,0.30391383638425784,0.4104154566814251,0.5354903350772711,0.3619383015323308,0.3559267061480489,0.48130343257738445,1
144,0.21594117241654143,0.3189362240912252,0.3573712279460282,0.22793673514476395,0.3514187582651699,0.5754981177740757,0.40031025597326453,0
145,0.413582124816705,0.4772366585868594,0.07019147691458305,0.5512670860161547,0.4617357306867866,0.5429053142896416,0.5454945349771498,1
146,0.09040018223336596,0.32388781100252756,0.3985636015995446,0.5204516174295479,0.4226424341355277,0.48827242622920486,0.5408422993443401,0
147,0.38078768389865886,0.5410398061967084,0.16200401677438778,0.5192600536685278,0.4565332243382254,0.39014469523976314,0.5412270661109427,1
148,0.080996146418924,0.3193188435002594,0.4427902356404301,0.5207176350111149,0.4456564623306097,0.4993148820042797,0.4254483801133521,0
149,0.21717472574600943,0.2407315980219382,0.4299939235234926,0.5622266510073455,0.5348634806281314,0.5882323319743831,0.49057610742429814,0
150,0.3718202922981383,0.19583723302551564,0.43232353473993557,0.4256769403793172,0.5652390914444487,0.3615733460535794,0.4434666033184864,1
151,0.14281595255064294,0.30623511163757905,0.34568491792890516,0.7733063440873789,0.463921517206759,0.45303578004749007,0.47277901478909623,0
152,0.009575433988112614,0.43033812940736815,0.358334791150143,0.30285938801333445,0.34077318369691517,0.5002889415038583,0.5792327507545222,0
153,0.20451189977969347,0.47841170897068797,0.45557755930696203,0.5883559899410847,0.746299252390427,0.4648670090926457,0.5956901530950411,0
154,0.15530805944586418,0.3836021528427574,0.3456139166749079,0.2422132221243213,0.5342159072972676,0.4614283748381114,0.5270839979321915,0
155,0.37320116468147413,0.4548419832744302,0.31436920588073275,0.4882224115807319,0.5365531559261284,0.4493493144962933,0.41339066437003513,1
156,0.24261624095754078,0.4499116561093014,0.19182158290474408,0.35711054741891357,0.4577622887379686,0.4080042514530377,0.5390622999180683,0
157,0.09206336285713498,0.3532983966481665,0.37311276403216764,0.45045488163281794,0.4381112638741606,0.42033215406400876,0.42833020801988353,0
158,0.22256458396355422,0.4683947021431538,0.40248543033010303,0.5196001831586967,0.6103820479226699,0.4191313947700754,0.5890827279718777,0
159,0.4839000082552104,0.2951120872559875,0.4079983777661468,0.5080584417171166,0.4840530180200356,0.2584313447244632,0.6796346489686902,1
160,0.23288874809557045,0.34237430742887487,0.26422151663900606,0.4496220939826568,0.47420264864295764,0.4896165702207272,0.47054013156352115,0
161,0.11702329933582872,0.37957856388955874,0.2860011366407397,0.44130352550147756,0.4655852507049769,0.4963104555173736,0.47625698492266977,0
162,0.3363183148885202,0.5104558103042389,0.24901988563691269,0.7519957011254306,0.3879248185352374,0.33510840774841966,0.5699781042954033,1
163,0.5921622354407701,0.9999999999999999,0.8197455776446589,0.30975852187992126,1.0000000000000002,0.49898884881968986,0.37382222007958643,0
164,0.23469110963247566,0.5672984845126283,0.47572307412645115,0.31184397933358765,0.7220504467419688,0.35441313648524003,0.5646752364911928,0
165,0.5837738238279703,0.3782673342746826,0.45314450481071,0.46080543281616704,0.3778635273390257,0.5100530345933036,0.5750218918979464,1
166,0.10402574784559043,0.279567328299173,0.33821257926699727,0.31981107692477856,0.5466450018894636,0.4531549959525596,0.4695502332048534,0
167,0.09939112052715268,0.4186767584744029,0.43861188358065845,0.5010806677690941,0.3363100135544055,0.46162458564856446,0.43718675245832916,0
168,0.15794064235637573,0.4693047389029798,0.2897344871423009,0.48916611931763376,0.3931848951729947,0.3671707047947767,0.45145098333178824,0
169,0.162215266928051,0.42053285323421646,0.33773960420125604,0.5176768460620139,0.44351736577365836,0.5307946399014692,0.5081356226756691,0
170,0.1320076222442805,0.35027314820687716,0.30175535369119433,0.40180983997220765,0.48151276443420654,0.4704078117639154,0.5156273283812072,0
171,0.23531812938338725,0.3890456428149001,0.2742491351444201,0.4446937505569127,0.5745922859951468,0.5026404125878803,0.5036003559644873,0
172,0.059797933504107975,0.3909262117397403,0.31384416386165837,0.38581529678166565,0.3743491956641066,0.45982843483753033,0.5166097098187786,0
173,0.29230951032714814,0.26659434496096235,0.361530447046213,0.5062605920606247,0.31023086674502726,0.9732853858592594,0.3552475152704176,1
174,0.15878955365538333,0.40135225378252165,0.3410958181154186,0.31800254719052923,0.6094078706293666,0.5427293940468348,0.5558098656371728,0
175,0.15102612339328497,0.36387090808514333,0.26398148618964096,0.42052391020188673,0.42915224921114487,0.5065768066419796,0.48524468549690536,0
176,0.15045952175676322,0.35848356662799863,0.3027139697164861,0.4336161800781163,0.37728361384261017,0.5655490956816688,0.550383006376006,0
177,0.21682245966775135,0.2639391701135795,0.20979066226492718,0.49393680612916435,0.5109173280643208,0.7781731033241103,0.49423081055095414,1
178,0.03472345456584092,0.2996512946923707,0.35953984217747514,0.28464499436628143,0.4834971571641451,0.5472978308672758,0.48926298837309756,0
179,0.44674399291379896,0.43204227975936815,0.21972147475775927,0.552707761104118,0.467705567981358,0.7237140630084353,0.398527719493029,1
180,0.21605810311548385,0.28057621996239657,0.35486125211321795,0.4398470357472953,0.436549091981234,0.37788503570518667,0.3958251527282557,0
181,0.1605527353754062,0.3433690779761091,0.4984811813592963,0.7847095691693229,0.35847515954417675,0.47135036521280665,0.5467089473041583,0
182,0.11464555900838164,0.43507839997465686,0.34582682969542416,0.5229749933584359,0.3118017370971662,0.4596277887421049,0.4841781567391886,0
183,0.3125842912769024,0.42289187660013483,0.226342886703719,0.5390075470089941,0.4946587225597982,0.5122880536935299,0.48855429676970646,1
184,0.1641144284351141,0.444701469906003,0.4093489564052852,0.24052403122778815,0.38241864532463155,0.3074568810732193,0.3489155985911634,0
185,0.31141041313131584,0.2937499545442193,0.22888587776486066,0.36509341578919297,0.4674059510268767,0.4615066664829008,0.3807485385840282,1
186,0.4842829182095889,0.28089796722498683,0.2857587643888256,0.4423015565441923,0.4833097999724171,0.3158331635515176,0.44083369129844663,1
187,0.06624824599220411,0.49235329195695476,0.256320425659377,0.21491617102409982,0.31481628884486107,0.39523178418363025,0.5080384174880507,0
188,0.25103208713384284,0.49321837936543067,0.4615360308193015,0.4889243290791233,0.4662846657776827,0.3129903752508304,0.38434283885644743,0
189,0.3559378474188688,0.3595120920074255,0.2550863926597643,0.47160341726656035,0.3655949168253719,0.38367090057332137,0.41449197856850883,1
190,0.04128944064458445,0.2548336547327532,0.4063274726555395,0.41840408061830237,0.4621729460951259,0.5326086017090594,0.5188222187210769,0
191,0.40451546446008385,0.33521136460903245,0.4966902544605017,0.49328518286444556,0.4725979659967398,0.6107853740631027,0.484101620804675,1
192,0.29540205803376063,0.27511007090824635,0.23560671007245523,0.322765789072021,0.5573553771793849,0.4752197696981635,0.4448292902787763,1
193,0.14448012501207233,0.34514652009057095,0.4594630368706181,0.45546584384633465,0.3748428097024981,0.3803950147133763,0.5776162792734533,1
194,0.18933063838768358,0.39141940963719357,0.3555969081938005,0.456155191254391,0.22053665459113964,0.6346272733086414,0.4061175951414427,0
195,0.188462407118341,0.461664219508908,0.40466654919486794,0.43007790950487257,0.39085243387987617,0.5934504296465124,0.5037425612129046,0
196,0.2865846029741467,0.5406499998979667,0.35770270851993635,0.42250621585811504,0.30597177456544666,0.23380297506752085,0.39232850912131767,0
197,0.20730169977397614,0.22753822493594086,0.6106508363562498,0.5440604399980441,0.37486287267221535,0.32065197306345533,0.6589197328984914,1
198,0.166323932968214,0.42241206275325915,0.32543846577461055,0.5198226039362153,0.3347488393163231,0.4801564836407037,0.4335834481506992,0
199,0.007520764740465369,0.41081643519483374,0.37194093071758694,0.40143341723224707,0.39820056840254714,0.620893379183582,0.5735944200767462,0
200,0.4093230486838769,0.2711314968344952,0.2543472169548071,0.5463722541103245,0.5549401516813439,0.48283460617516927,0.5048279513637568,1
201,0.33157770128365666,0.6933450694025446,0.4629935917389174,0.4474231143049319,0.49580049994851316,0.5691618460698947,0.540529735083098,0
202,0.36822191735205745,0.6012805586234222,0.24565241630132034,0.4453483022825428,0.25977916952694335,1.0,0.4006666017775815,1
203,0.13713474003020465,0.27320337797287064,0.3142681896662666,0.4738615133078985,0.5396593544287352,0.45463264747711807,0.5606334645055628,0
204,0.2726289803303916,0.4379029973141268,0.48067369612449196,0.49734511728392944,0.5767542643685148,0.6105401276681973,0.5536547366740959,0
205,0.11015284204874304,0.2830948769032986,0.30903652603368037,0.7500094593332585,0.5101983498440382,0.44546706214970966,0.5324223844490835,0
206,0.7509604814393793,0.1912426499777356,0.28066008873684783,0.19871463979973655,0.41412546485933216,0.49721315502586455,0.4503077306241297,1
207,0.21782414726432414,0.3752840928556124,0.27051053932387603,0.17471653497600348,0.43358699307520837,0.5028436319801771,0.4474351167412156,0
208,0.6455119871666488,0.20791109109929026,0.325641154939585,0.32242725180631654,0.44953033859362346,0.46809761169065334,0.5721569920515149,1
209,0.13539231472053592,0.39273915351684224,0.3989685553063557,0.3924087739626889,0.37966178565387376,0.46880563783326656,0.5020180739402633,0
210,0.16871897992888465,0.3754209492235015,0.24388272559514756,0.36708501766460866,0.43808715450767116,0.5780966676624709,0.4960444251969043,0
211,0.4031789476227813,0.2789195992270324,0.24135488807174105,0.9032680634055705,0.49411722799154384,0.3607593438083642,0.49425352758780505,1
212,0.469303759237342,0.3045496382335059,0.2484857758868389,0.4398258025337295,0.4502029593918635,0.43196617478287347,0.4353728480191429,1
213,0.07583820531677826,0.44049212988724845,0.4245793433526055,0.537286524497796,0.34868015326597723,0.2355902986565347,0.5974792488581073,0
214,0.10823719923808475,0.3471628628475189,0.28648279876584665,0.35146886232674424,0.4624179224953496,0.4528994274524193,0.5634065932678831,0
215,0.43693733912415833,0.23880166600092018,0.43788631586965643,0.46075270894435966,0.4167014410509972,0.6637060013298419,0.4163333634500477,1
216,0.12203870091165017,0.3693321881173209,0.30031139091799286,0.47751535230224373,0.4018914097909931,0.5107032857875049,0.4228350562933979,0
217,0.46091392171726264,0.33671090480082827,0.29684479838944516,0.34933423353128373,0.441624181705328,0.373044992480551,0.2463438328761071,1
218,0.8511326562542672,0.4769637122887551,0.7157313075521452,0.31358949223075705,0.12294985380705636,0.3948431381097626,0.29777307145456977,1
219,0.1320169670583692,0.4146784605727446,0.45864235919088225,0.30430099890106205,0.609368790525271,0.35571516078478854,0.4702998259664585,0
220,0.6667072340549257,0.3447881922587616,0.3349183937535033,0.5351288190826933,0.5126759728787988,0.41541563653628144,0.2240260600478473,1
221,0.5845667870532516,0.3647570310520292,0.13176487924942504,0.45850945492918077,0.2775211575385258,0.7317789855279598,0.38801675589695117,1
222,0.10452103731586607,0.3308777835631684,0.3529171423703863,0.5435020481180345,0.528705815163117,0.5176007585967756,0.4674245868497581,0
223,0.24783488538107865,0.3723228215647153,0.23336088453069534,0.27493843781825184,0.4813643656738589,0.5485099245852617,0.45627761319008237,0
224,0.37530849761868035,0.19201096330506,0.3369537924702093,0.4186560402886395,0.4809306257292496,0.4031985042703231,0.4133336917188054,1
225,0.45704773244442065,0.3313379904371354,0.4179094717560092,0.5235864277779095,0.4141578121154163,0.4624545135088681,0.4581767914790532,1
226,0.49302504045032625,0.055997487908043375,0.4410209684427964,0.2806310301122442,0.3508534992594667,0.3980896795068249,0.624696686093993,1
227,0.3636287280110996,0.5945805086874556,0.4547474875181213,0.3399291137012548,0.6416619994316739,0.6076772614214955,0.5038930898823053,0
228,0.1672544232901333,0.44575722168381227,0.32384795188932286,0.2813663924515472,0.2670832105779871,0.6236692905013536,0.49993047907969035,0
229,0.10732448910688203,0.29428121751955394,0.29828396620355385,0.40370265318165144,0.4807070570563038,0.4416788822071158,0.5261781115163056,0
230,0.1368558610968201,0.28729577508847887,0.3047457167311627,0.22891643307073228,0.5399070498811355,0.5290294632509019,0.4307775743841344,0
231,0.3348750234698982,0.38322258819487126,0.15762369197043768,0.4952155328318003,0.42049200455129104,0.5241347037977772,0.5258765542161258,1
232,0.1594652277481492,0.4648568084748589,0.2587034645576079,0.315640341607567,0.395951742109911,0.48794045215003506,0.4759058375518371,0
233,0.4044885632731508,0.32147888837998956,0.38355688297239815,0.3625236567674765,0.3374482937775455,0.5538326885507504,0.5601227782750128,1
234,0.44566185800295915,0.15938369066302485,0.3215736595045581,0.8265972104447019,0.49847579356851435,0.34352254974656726,0.5635797223194228,1
235,0.46400194980138115,0.30699306607554266,0.2497678925408644,0.5721284586192571,0.4911118162491932,0.5195418672601806,0.4291298859890218,1
236,0.21773640093216404,0.29097682412034787,0.31923603192335476,0.47111227685910056,0.5034229515626331,0.38159204321611606,0.4950112361180286,1
237,0.11646444176372087,0.39964918027144075,0.4782466972576072,0.27808941126682885,0.5676788694946624,0.6465778838626257,0.5368027966748292,0
238,0.1391541581960974,0.36504296221673055,0.24185848611281435,0.3884254169710082,0.4559548931179525,0.5644445184043063,0.5041711717886184,0
239,0.31593405330383034,0.487224959503944,0.2912109485265326,0.4688488500409712,0.7620365721600983,0.4578180663439176,0.6604658562173936,0
240,0.2720327119517011,0.48204709470462564,0.3722297268845351,0.4395584972327816,0.42558397206480647,0.5252800909754185,0.3955828166226464,0
241,0.13234485238476712,0.2967199797632578,0.3804234588328323,0.5407967878825936,0.42118053988708604,0.47509173149797157,0.5071082381546259,0
242,0.13868666836060645,0.32775969017786416,0.35149986619171303,0.5868919885557083,0.44427028472798924,0.513542225272108,0.4872362290581949,0
243,0.09824066199186546,0.34308728100080993,0.2915093847695735,0.26191757728495646,0.43476042924006936,0.4099819839523227,0.4704213644516377,0
244,0.15132909372646847,0.3887349408811341,0.3607701159235813,0.7986649329716031,0.49702739675984015,0.39227247536094245,0.511674282696089,0
245,0.3669429869541453,0.2596454491818208,0.3757515592959307,0.5462498766182122,0.41781902960933565,0.2708373993236484,0.23368347465342598,1
246,0.41109493123127916,0.1934450181393485,0.277368896710567,0.2901219648586426,0.47960927737568565,0.3649182500816376,0.40199696498540727,1
247,0.4198675087628085,0.5789643938541544,0.4788562708735915,0.4305540361868872,0.8830022890647806,0.5058275219086592,0.565591587220782,0
248,0.06635895990031607,0.3255632478159439,0.3845434473868223,0.2551296341563827,0.4673825529701611,0.32269317191892655,0.5128197870687625,0
249,0.41196463084839907,0.29752163849722585,0.37721860412531105,0.5822388751897409,0.3275250396209111,0.36339914046585287,0.5930575948722949,1
250,0.13762208424180017,0.49842316372175755,0.46071653325490824,0.6792752956803149,0.15519370663811738,0.40417456355479014,0.455656979204591,0
251,0.1469634849098831,0.4151407552201158,0.40002500232999527,0.47947900053111003,0.37341625432515324,0.32905056108610775,0.5023488203691707,0
252,0.0880468951218484,0.584121447600331,0.5545050936300001,0.5387761552972467,0.0,0.5926748539685075,0.41023173459113293,0
253,0.26258347930864556,0.7221954033786331,0.31389030735685236,0.5997040003179455,0.47732997701949176,0.39792554305112215,0.6546921915362393,0
254,0.07726975435502653,0.42081017485609823,0.4610082810515875,0.5616148208997194,0.3663756632539019,0.5636574967773061,0.4021379406370065,0
255,0.40091129454724683,0.1947348445556542,0.3171539899763673,0.657618409395917,0.5542753311905699,0.3514447642268637,0.48698755924879394,1
256,0.07482776279930389,0.3105025264427853,0.2721618451643788,0.3436559073752962,0.4857983306051592,0.4966737927703724,0.5914068646132293,0
257,0.2358959600860146,0.4839076718758625,0.2764826737890712,0.37823750111223864,0.5140696421027832,0.4087241913286109,0.5764831473247695,0
258,0.5012546151709663,0.17920083963751504,0.3003800656322971,0.4316034527428047,0.5258878718332942,0.5637513739467338,0.45840836069587443,1
259,0.33732138474068585,0.2644222086137944,0.23161693667084507,0.35856216004105984,0.490527696777692,0.42537734279251194,0.42868062060320244,1
260,0.13460945298392651,0.36266294616968775,0.45136937936660926,0.49257042046614846,0.4165913064861281,0.2712972479454169,0.5206734748739466,0
261,0.3106307593281315,0.2718387819273334,0.5036626405443405,0.4729056939139709,0.6302184160138888,0.5669797134906718,0.4892486598228853,1
262,0.15562537536048401,0.3255060031299229,0.3705647772654676,0.36202164436843975,0.427523132257474,0.4903440946521015,0.4753464675396943,0
263,0.6579497517634652,0.5306839329645877,0.49897422389685625,0.5019515458250239,0.3165443543730068,0.41537116804491675,0.6050298363085755,1
264,0.08358518363916953,0.32567432212282144,0.3399944236048268,0.9479497628477437,0.41739912273588525,0.5441982835502105,0.5815495605582701,0
265,0.15944122778650072,0.3964845115718333,0.2972014699659813,0.4846811688493156,0.42924453870227036,0.3280709653578762,0.5400693299613092,0
266,0.11724283763873924,0.397168357069099,0.21244199687963056,0.20259292630011796,0.44445510073988337,0.43554745275064677,0.49179035306744984,0
267,0.07126017495763398,0.28862935896485287,0.38660887305350716,0.3945958445933475,0.46602570572806584,0.45646925185751225,0.4855357926993102,0
268,0.3515876093037237,0.6973099227414733,0.42208813784066407,0.4231087059062285,0.8013939998494586,0.42332635199515833,0.49646125988349155,0
269,0.13847151355619614,0.31667692083147814,0.3208870334215804,0.4007680119801985,0.4972682897159031,0.41843290646957976,0.48546389047188393,0
270,0.39590647283365943,0.318168659714885,0.4115815947823278,0.4132037861641374,0.34967357521517656,0.5666626372186683,0.4549516447895392,1
271,0.07000084969899878,0.4343993141224155,0.3492318934550821,0.5762992727254641,0.58020243821186,0.4154130154798744,0.6354164733440884,0
272,0.19654601157304716,0.31830973084918657,0.287471669927741,0.25527575237677136,0.5026361782079177,0.5337030669906025,0.4959811240456736,0
273,0.33943840014707544,0.21429138778202403,0.4220108360416498,0.43096399506194544,0.508469924945429,0.6093052235646285,0.47779937747201906,1
274,0.20426547519650806,0.44950418965294836,0.40899716003240816,0.7857229577846514,0.5163030715692599,0.2742432076954156,0.4956995911159242,0
275,0.06327495932031066,0.3181910788581994,0.3907579929989768,0.46605772616659924,0.3926383378418209,0.5521023387956958,0.5165824800283535,0
276,0.10498182149639898,0.44298439237383125,0.31980985472032436,0.3928248456685566,0.4077020619824629,0.3315732914031494,0.5831867297804422,0
277,0.30974883451928714,0.7674797288591622,0.3462555472861251,0.21486146361902742,0.24668216213283414,0.13478877419423663,0.495343899323578,0
278,0.10686504839564967,0.3345499742340348,0.24054775756728364,0.49270010031994477,0.5007200926794062,0.4952757298201086,0.5208060111699456,0
279,0.19394692768863456,0.4205982578567645,0.3871863546194399,0.8628635384712005,0.3524696556828378,0.4272955709394878,0.43185090119061914,0
280,0.5410077409802954,0.4679531246630778,0.12069883817806193,0.3866881728616327,0.4662445479614364,0.333818944697462,0.475058561333338,1
281,0.21942394520667013,0.30595286836939145,0.30021631679977184,0.2682654204884414,0.47156392292343474,0.49954584517602774,0.40355829814641375,0
282,0.18106750128659282,0.33008022466343384,0.2529048956489254,0.38365976543845437,0.4288228866121503,0.621990750566366,0.45014004935225427,0
283,0.23792965893467785,0.3717277952865097,0.1168859143660439,0.5240727848519641,0.4652927764940278,0.4716600988202083,0.5341719552132583,1
284,0.16124263331823846,0.29400947901199675,0.3191087937861231,0.3926115541800772,0.4273352233861507,0.44479071055992736,0.44103048483782,0
285,0.3362206363917125,0.4097155926146551,0.22157247951674353,0.5712409291988554,0.33308572682247595,0.3956548952625478,0.4486025146795565,1
286,0.372659226671591,0.40565765890123273,0.20732351155356218,0.38414467705544963,0.5466396723596564,0.4112680890128391,0.5142217007027257,1
287,0.4036553162819039,0.2960986706699327,0.33710499769431335,0.421647263046876,0.3385587775374459,0.5765699287335202,0.4627332742795832,1
288,0.31693395908260946,0.6114490478605452,0.2881488505045887,0.5128835400976889,0.6135189245558672,0.49443987439867526,0.6323645500712998,0
289,0.2659184005298165,0.21036564060245638,0.1995131690764858,0.4060830902299303,0.5406153981445095,0.5095900566953014,0.4336868851084049,1
290,0.1866791495145885,0.2992651251849464,0.2568022978162604,0.2835998803808183,0.6018416655948615,0.5223558665122745,0.5256665528643595,0
291,0.03808264690726748,0.3317648291840627,0.33044245192644833,0.30256144543072616,0.465655547649398,0.4875964666462675,0.5709815379112182,0
292,0.6327146896748341,0.5119177628883455,0.6875773655997498,0.6130972102809509,0.5069500584734696,0.7246455154317732,0.6238691122664309,1
293,0.3797444005945564,0.3579686555948736,0.20285460000129357,0.5054587807013785,0.4019929726410409,0.6661838536000855,0.407599926802603,1
294,0.43576164652726096,0.4000470623174689,0.14033077993555937,0.6253414730457398,0.4280498885281869,0.47516862840267293,0.5273674467416938,1
295,0.13892808636803688,0.3847756887145846,0.3081363045571569,0.20694405159584958,0.3706201684607394,0.4798682684159922,0.37426631407486866,0
296,0.14189998670614473,0.42321416726542543,0.34721869261393606,0.4873706164517972,0.3345747498593157,0.4007155015535318,0.5168869319881122,0
297,0.1758163592872351,0.4254315578750387,0.3237791766535646,0.3418847751417809,0.3023423985502998,0.39693640894236754,0.45125718624541705,0
298,0.10084898971289008,0.3801506548159945,0.35362927749285245,0.5817446658414223,0.31161375216633064,0.48841899085982,0.4991145774039795,0
299,0.19403171558901006,0.3102838235966101,0.3174391755542884,0.5249162139789303,0.584262270944517,0.451671677567781,0.5030177721918144,0
300,0.20906100313369466,0.3987810449866204,0.24814223918518974,0.2269186064345064,0.4283276343517026,0.5060585500911464,0.4755575530679351,0
301,0.14779262389461945,0.41653480967290957,0.30385402514773224,0.4141190578562103,0.3192740025566889,0.4799799863591072,0.38576587910669624,0
302,0.4536099869974973,0.2768762080501162,0.36507087299889146,0.5471739380787476,0.44292520557669246,0.6392660939655213,0.4788626931590317,1
303,0.10637893395137599,0.30565408727162957,0.31348534347256485,0.4040385910706483,0.5633095512681655,0.43344588886167795,0.5398462615673542,0
304,0.15057799028891447,0.32390964249750465,0.3295147045655034,0.29506711554719645,0.4389748894569303,0.4662976889664606,0.4168310511572162,0
305,0.24744224897023837,0.3787725208174608,0.3663460430239716,0.530350675350335,0.7000869044558947,0.43659146908957275,0.4888594569560091,0
306,0.5413247396034304,0.6154835085571218,0.3513110744616199,0.36560388794478005,0.3855691463729279,0.7150717118795589,0.3278467355113612,1
307,0.07924125205890034,0.424077209801915,0.37196626606752947,0.4770892260755664,0.3162612088438079,0.4794388097085106,0.5315335194574554,0
308,0.022220420741852376,0.22851245129098485,0.36781432151368415,0.6111465600638175,0.5516787260300583,0.5392493980015428,0.5437068589862686,0
309,0.4302442502435309,0.48936660806340654,0.3341424643045509,0.37284431880955277,0.5507253481489492,0.5350548685661463,0.33062226106693343,1
310,0.25031652256249215,0.48357351207071,0.19016923505309632,0.5836601141980509,0.2964200475748392,0.25956037753318584,0.46632469311765945,1
311,0.10135552029018821,0.5061293362856346,0.22205462615645288,0.27053548089148216,0.38541231143512344,0.35921606533430017,0.57047666602205,0
312,0.44231007745458634,0.5112815917994631,0.2805609145456706,0.637228707672674,0.45186297089144556,0.29503889072998346,0.405162276060434,1
313,0.0970375321395956,0.4411652602113859,0.3222234949437134,0.42560076124163687,0.2727959197630388,0.4491389103332796,0.43920531210533886,0
314,0.44380618824549367,0.41163364300535243,0.26735057550515834,0.4372495188720621,0.3876914316833008,0.3698138083915763,0.5052313681845836,1
315,0.42467781954172473,0.2847954366626705,0.2189060025618082,0.4018895126356997,0.4364594004498088,0.4827046433720132,0.3601223326681812,1
316,0.11921333083525157,0.4626565720930287,0.5021203133523882,0.3256443375361923,0.41073559519573466,0.5333101309091586,0.5347149613400975,0
317,0.1652742719848226,0.3576335012502173,0.43881108621808573,0.39967701778140946,0.6049135801278098,0.47464704327521473,0.49744026754567827,0
318,0.42046241464237327,0.24195194102785367,0.22535511600661767,0.34072156643465296,0.4544461929751402,0.44950579997044116,0.4623692042331986,1
319,0.196836572018798,0.45635247908910714,0.2437405242134073,0.4198885588402684,0.4427383829228771,0.4149445608381993,0.49434023581727365,0
320,0.4331789146003244,0.2855612864143847,0.4362686649991807,0.14317346611379517,0.4657508245638039,0.3499214031034208,0.3667120813931757,1
321,0.5438411726998675,0.2915676240649463,0.35740879480747684,0.6219512283560044,0.5034067804161194,0.43559828326105987,0.6314252252640022,1
322,0.15659358040490828,0.4569126601823451,0.3420308039139609,0.4842241168773794,0.48376704339581883,0.3054756446711846,0.43186217141840033,0
323,0.48027855656431556,0.5240743464980332,0.22009609601813296,0.4736208644141622,0.6872914776874501,0.40774437053216994,0.46442953225804173,1
324,0.2320552701946091,0.3169963300305826,0.3200550818092276,0.6484102577435175,0.4540313911892909,0.3924582998165038,0.5131386078809241,1
325,0.07524962875330657,0.40580479292575,0.27881806597416964,0.3295559235124105,0.35875698345136064,0.4110340988191467,0.5421396797095757,0
326,0.24441184647536535,0.4283555889131754,0.28569299814327725,0.3714244765342646,0.3513312242020319,0.35057344478509894,0.5833456541404359,0
327,0.413017891472218,0.515581994721878,0.7855598150096055,0.512909081843876,0.6206956165421827,0.0,0.0,1
328,0.10789613060885445,0.40978465603079706,0.36280118559180935,0.4371277662447946,0.35906923363122045,0.3688061059992136,0.6333205382182864,0
329,0.20873907291998395,0.30156372646408935,0.3091880978367179,0.5055323213902629,0.42178635662587416,0.42241693497314453,0.5028462439281619,1
330,0.12399324239733381,0.39810870921407193,0.2570526726593094,0.24061005809656574,0.45103359490259887,0.4319346916640987,0.5349125764050837,0
331,0.18937159739556714,0.4449369802455926,0.2804167325415617,0.32227626358357553,0.4020288627336702,0.48333385689146185,0.440204359422172,0
332,0.3146553675806432,0.4801673931157442,0.21367699347593078,0.42967781902919977,0.46028962769036064,0.5255336245003693,0.4992640886273018,1
333,0.13949384754948987,0.5271106532277854,0.400498703670247,0.5522383078242695,0.18394844756119616,0.40007558916268005,0.4439312939039292,0
334,0.19888034064090407,0.28735297399981063,0.26491534590077476,0.28226494353325554,0.49081864228627997,0.5010713394580087,0.4361797494304564,0
335,0.33208201059446596,0.485195569407686,0.12431243073511244,0.4322017667002058,0.35948574620745144,0.4487786146324798,0.48512634642358976,1
336,0.4624928965501137,0.3896109541038178,0.26753202004283144,0.5298213251201173,0.3260972698375195,0.44928498401605216,0.40808406550400667,1
337,0.52990427733893,0.3703246765831782,0.44035017924116865,0.36220587464895626,0.3124685104571604,0.3950947002071223,0.7553963483729834,1
338,0.16050775333111028,0.33454988560359183,0.41655637612920915,0.6223602827266002,0.507868571580959,0.5075426004287111,0.5167224332260348,0
339,0.039337576672394514,0.29918810609210283,0.34765654947592706,0.42436207327939135,0.506128242334748,0.4437208818113778,0.5823352557680453,0
340,0.18612933217234118,0.3865957318344477,0.3131951152407702,0.5024193773507922,0.380213372312062,0.4164569259869999,0.48214699953231516,0
341,0.3505401945638143,0.24398076131476434,0.2938734056173011,0.5150006747774261,0.4219744409231323,0.4238515757370032,0.4745689364456138,1
342,0.3937963537360663,0.29175971342839657,0.49718415316276837,0.45365101556564125,0.42029209543006496,0.3749092524264279,0.4156582048598373,1
343,0.1533087758102761,0.4424438756149741,0.2793592316152322,0.35678808553789965,0.448302422548024,0.47023908247780116,0.5319289966025527,0
344,0.40112784071787944,0.3680416396919485,0.1433498974737834,0.35076187323429836,0.4256698800553436,0.39179611401200903,0.3644336088530983,1
345,0.4042400061985808,0.21669968628486408,0.20818628609095047,0.6608814574814019,0.4357002505220345,0.40280761790541975,0.40641634025830553,1
346,0.1792482967352692,0.395949587692018,0.2428683982863835,0.3276094986003446,0.5518085565535172,0.5672137734957358,0.509833519493795,0
347,0.27786307287960815,0.5652662550189519,0.6209460335322382,0.4804296048181214,0.4865765491872924,0.6396217743635249,0.22699009519217428,0
348,0.11901814980266867,0.38122512138976333,0.2886813432080917,0.2371839733317895,0.47460750377257815,0.45222018154767635,0.5446236865312583,0
349,0.5330010342625335,0.27700415563541414,0.23292049425229475,0.33647227630338994,0.43131323792431964,0.5083785159286367,0.4905679454783601,1
350,0.0926144823216816,0.5029821468173552,0.4391011967715761,0.44751143117343817,0.19130113562595974,0.3024427467491578,0.6171356451084948,0
351,0.37510348264308907,0.28374080532550205,0.27016279443607233,0.39698230798738476,0.4046119902271558,0.4200005540818368,0.4344996187856085,1
352,0.43067307001182814,0.4159215772629426,0.5616576231730954,0.2931111667226819,0.2286853726610104,0.6369065091116365,0.42263581477826306,1
353,0.47302175219194015,0.5219692227734501,0.3165707287838324,0.4827032925890218,0.5206090407331785,0.3306504965698354,0.5961165731409674,1
354,0.16224235034897103,0.3630876758499586,0.29980588816831794,0.6240997680651901,0.42637051921541447,0.38578499195102506,0.4649949810004708,1
355,0.31924047593534144,0.4405493501445817,0.3755868196084729,0.2589972588741316,0.4159950282620226,0.4236348765776392,0.35817766759413605,0
356,0.1195252085318374,0.31708454443088263,0.3700037466285652,0.7709099176867202,0.4305788250289658,0.38561273934148477,0.4299873492819162,0
357,0.400332350866009,0.5325804800489238,0.11330818270825835,0.4977420658822609,0.3275969749652251,0.5298089672522526,0.49145668672232784,1
358,0.10755767091652568,0.2985158289460427,0.34317046116506256,0.2757550353061879,0.45665296152781676,0.35937317258095625,0.47072857293611253,0
359,0.15523704533974933,0.4232427354137997,0.3177808904966489,0.2617486648724022,0.296172855834406,0.4088835098901186,0.43936044815495134,0
360,0.3313569586555013,0.4489895463002149,0.20074004611604518,0.5796951033148751,0.3453412111238597,0.34254517437451415,0.5039280554743713,1
361,0.5544168239849796,0.30383159462829346,0.35941646207125344,0.3158369913596982,0.4207035132800599,0.38388392388068554,0.6161766564772538,1
362,0.45349340289035944,0.6074460906299908,0.14032043621076762,0.5487052459835065,0.5519556851947849,0.4168270835122671,0.5912581047309331,1
363,0.4416486317501764,0.3604934466554731,0.4247735477382799,0.38386277672718383,0.42626130215082203,0.36394021453114145,0.4640852291981496,1
364,0.1525448851815775,0.29253755740577436,0.25875371091444943,0.5588363194144282,0.5067725048962943,0.5473742272062245,0.5117144623755834,1
365,0.4282133280605782,0.6546217542374988,0.0,0.5070298539235832,0.3954883760777047,0.37553833507762885,0.5801886108778115,1
366,0.12308764726967528,0.36342314322458075,0.3149071428722933,0.35778367811950845,0.43041451506176104,0.40609686048224314,0.4332022676041293,0
367,0.06794961367219512,0.358639274145458,0.48251669199730907,0.31353441312813857,0.43513871426145273,0.530634041081081,0.4843222449765015,0
368,0.23816361110237727,0.4907206461711682,0.3667054709531818,0.5000531843861221,0.44922095287644453,0.5477539274026172,0.4010520559632984,0
369,0.16399867395928142,0.37372414730156484,0.3526887711715056,0.5502542309583722,0.381860448370258,0.6304230235261503,0.4386986331808803,0
370,0.16724508566708152,0.33793823921263655,0.2820567252498848,0.3452307930018798,0.43014860165520286,0.5672117388435238,0.44345523688336097,0
371,0.09509970006772986,0.35961047580968225,0.32836535251276266,0.38997847150966825,0.43794724072461955,0.5286362454091146,0.4863625119412144,0
372,0.0492889720413604,0.34759311590069497,0.30412328891012047,0.5117801040776038,0.4554430064240907,0.47170274261087136,0.5745472526151939,0
373,0.4670842715733844,0.33114821555135665,0.3068674933080775,0.5598072998672128,0.44910899345854455,0.5117359167147829,0.49543616634693183,1
374,0.6350100416296331,0.1770595403825557,0.3327429966527039,0.5094469821350758,0.43982954471764585,0.405485192241095,0.5561722893737258,1
375,0.27246704017919066,0.2476424294433259,0.36519854060092694,0.4225559797681514,0.41578914477111933,0.6339635652534319,0.4646842358304835,1
376,0.8179361139484678,0.008599370705471232,1.0,0.0,0.026918994288959885,0.41978302254704997,0.9960658723931732,1
377,0.10029222512031707,0.3127480502745893,0.30765668885961184,0.2568829205038634,0.4375605888204654,0.5402845420095859,0.4791403788123687,0
378,0.2721510009354001,0.5450749756871247,0.3115400543570117,0.6156150927828816,0.25712147712250344,0.2404017179534691,0.44524296578735933,0
379,0.11457154361845914,0.3510463778419375,0.3545707795544643,0.40072338499869076,0.3774601905627506,0.5289289689659639,0.4911199311008632,0
380,0.23064316840104856,0.37601124958364307,0.39000849854008135,0.66085510889895,0.4698334895661854,0.3515078933637373,0.4961748591238588,0
381,1.0,0.0,0.7457442503886916,0.2609903895944674,0.25949616977565865,0.36658483019895494,1.0,1
382,0.16631748309910518,0.3113737634491227,0.3689048240219451,0.8624570152203093,0.44010757683966706,0.32448008861519323,0.5490362881929398,0
383,0.3085146201500256,0.29624793062899846,0.3691672987641762,0.6586869435846008,0.6123778263164519,0.3812680744450099,0.49010809675050554,1
384,0.0902233771743407,0.42504792708330136,0.3442400922108311,0.46719713820227493,0.3722906452736686,0.29481333871489634,0.46380197792556344,0
385,0.06755237297224465,0.3201925566122743,0.37770914953134777,0.3656560008556525,0.45401706695581334,0.5656744043942085,0.5341224157263543,0
386,0.22237013420019808,0.5349126125184915,0.4240598237374381,0.47617365075590906,0.4991311665461146,0.40293605795108245,0.47110027800127185,0
387,0.14943307836403263,0.32058472446356956,0.2801551148847749,0.3947815823251233,0.46229744122917915,0.4521146309946703,0.4871799634166068,0
388,0.19642171054014523,0.43327318619088123,0.33826529157168955,0.5837460550954735,0.4065107400802009,0.38893820292418535,0.45039144818457294,0
389,0.32632016708769557,0.2804220688703781,0.27613544576517224,0.41264158012613544,0.5320430415285298,0.42585592716084725,0.4143628286986389,1
390,0.4081376104590715,0.24229968399589347,0.542079765218872,0.18600351339441734,0.4655807527563319,0.5307389452663677,0.3807566612695529,1
391,0.298437339786461,0.4228600394704462,0.17811310999179095,0.4585777225313503,0.3982175937182732,0.4937696642371628,0.5619073358383431,1
392,0.12900905892203737,0.43936489636112647,0.44407859309451864,0.5112031921598122,0.5057170151825621,0.6400283182121289,0.5634592886411223,0
393,0.09547219388065675,0.3353307011993115,0.2972004345186224,0.29021114680847954,0.4514386342044025,0.4075658400407676,0.48912258663150743,0
394,0.557856344210838,0.7586502250699757,0.29048021248011635,0.7177307130731871,0.5919782602571392,0.8074110948226116,0.5350754688043368,1
395,0.2277459662152658,0.33826160164047664,0.3177820932599633,0.48853070537477694,0.5680725144034854,0.44806704752188564,0.5331514321927697,0
396,0.0669123785861579,0.2641174745998147,0.37340312516073154,0.28125359043377995,0.4874386170229771,0.4625128232105345,0.5760380572913362,0
397,0.42070423601672696,0.42640507271606926,0.0762064713590439,0.9194734211109196,0.41957424091868517,0.32659331523328206,0.5258665873750832,1
398,0.4022953735989786,0.5648397690840753,0.153851895619551,0.2616761470985792,0.3968170784754462,0.2608639788431574,0.5595590455214459,1
399,0.4706538798403189,0.37409059256032756,0.5613303294456864,0.5924088843825824,0.4639559849929071,0.4357298703126182,0.23419753261162235,1
400,0.3594084045197676,0.2002931230526691,0.31084929601872036,0.32481974504400846,0.5074531204798809,0.4704588992506461,0.470845506512444,1
401,0.1410108004358394,0.406349409366876,0.2645549111291796,0.20253344469750212,0.36422866563713596,0.39719139609798404,0.476976761399399,0
402,0.18036938172926553,0.46115245995951004,0.34183372968120646,0.6104636059128762,0.2807520292242339,0.3229441476935946,0.5101509190588301,0
403,0.241378746542187,0.3453354235553777,0.1969545009026846,0.3120439728915961,0.5036472884769002,0.47018062286738715,0.5131326000282496,1
404,0.38878156739593184,0.40992915271596975,0.10742154829117445,0.40681281491677934,0.4771614163611518,0.568250613646185,0.5697875438594104,1
405,0.19829147934559793,0.30258921013982126,0.29806824921139463,0.2540692030729046,0.5021268430598056,0.3845782833996508,0.33528234720760924,0
406,0.14826299673092797,0.4030476447077771,0.34060679810552885,0.6332631119327897,0.40674114395817296,0.5119480959657402,0.49603736264383697,0
407,0.12221192880314388,0.33361850628239775,0.24355265928010728,0.3922107116956898,0.4657924470203466,0.5651017762855937,0.4803575393097103,0
408,0.5388358373636419,0.3122722153629912,0.49536146039650875,0.6024450800301897,0.4017348989978272,0.5582426081405454,0.40412452576678315,1
409,0.26453733441145777,0.35739379747442257,0.36890867405830263,0.46780911988518603,0.48233780596935755,0.43283343375459726,0.3072806999302484,1
410,0.586338725176381,0.12469595274245987,0.35450906608277427,0.4101869994542705,0.39788711817820127,0.3392999074778915,0.49343609588243054,1
411,0.14686310199264022,0.546026870415229,0.5446823348883358,0.41316565512075354,0.3037530007369459,0.3794698277824511,0.4085147481888226,0
412,0.046407791621838196,0.30178730678269006,0.2884132548269666,0.3568176083314125,0.5015951931643332,0.5666762095529807,0.5137870936586633,0
413,0.26913802164684836,0.3383982477316615,0.44074669800967176,0.5367740712453823,0.4936103668373262,0.5497168952356043,0.2953248934310873,1
414,0.027732780169777982,0.2747058079071693,0.33586542737541103,0.35831215062584715,0.505675422998903,0.38003756241909714,0.5149853024887371,0
415,0.09423705232773433,0.270864202559152,0.3538974699260798,0.3575552522750567,0.5858186434309012,0.583670429254179,0.5241308512170422,0
416,0.08944113448153251,0.4562213442983411,0.37309153370811216,0.3898887259098446,0.2854811179984203,0.40743800291714904,0.4331926452894276,0
417,0.05204872171847211,0.38201711870803867,0.2898307109804002,0.1244745589712738,0.44759825036907247,0.31076414611571507,0.5083244011599771,0
418,0.6533734618805118,0.34900848585249056,0.3883136901090098,0.4118599699134007,0.4973105239621489,0.42631646034309173,0.5206319073480377,1
419,0.2495556337892027,0.3670610770029617,0.20260078797712566,0.13209932707053995,0.5013290764338463,0.37925586773999065,0.3849578789788238,0
420,0.15368004852320055,0.3477909517437675,0.359383785007779,0.7616633459096103,0.5087113065321407,0.3813117330425899,0.4513112579658341,0
421,0.319191214046462,0.7380814269456977,0.2771209805188693,0.13229733237099672,0.20505134638337988,0.2843860537694575,0.5973352448912769,0
422,0.16772773886926295,0.3110992319101416,0.41747999648402956,0.547793279087688,0.5160728661377166,0.6105282565360053,0.5059665140806282,0
423,0.0987721575155959,0.332292591750163,0.35367786828866954,0.35772832503943053,0.5033499489930635,0.5320372320115385,0.4700414500370508,0
424,0.1609236687955506,0.37213853100444955,0.23810192891221202,0.31686905652667674,0.5233373021110154,0.5002290539881895,0.4616436251979757,0
425,0.16731910421392485,0.46608300225608074,0.3569130872742915,0.28952109654935687,0.6377237387947856,0.4806735013898352,0.5398109067444773,0
426,0.08241091586714244,0.2990955737393711,0.4187207723852464,0.4529140808269835,0.3966328076845945,0.5387064234571424,0.5251871361272815,0
427,0.1621481730442848,0.4717149255989576,0.2124357369304675,0.31043068519788297,0.5331328033053175,0.42322172554432025,0.6375164385768077,0
428,0.5769020772998645,0.4013304166308228,0.2568705287880649,0.3328318601270047,0.5890787541052129,0.27373549823283394,0.5419280247527105,1
429,0.09255212357888692,0.4605615320053965,0.36701633107474757,0.2309103999810544,0.3665639628159758,0.4062493695574149,0.46667189201377607,0
430,0.06809815261080207,0.36985062423310117,0.2642812153081009,0.18184558096118125,0.4627431016723067,0.6481390366171718,0.5218301211304566,0
431,0.06543840509189383,0.3650554517366353,0.36024956727796387,0.8075893721526712,0.45527818537916626,0.4134213438143437,0.5385574572535912,0
432,0.22889513392749683,0.4639761924443032,0.41590113693871267,0.4908448412625129,0.2958062461975307,0.5339544645275179,0.4813408640382955,0
433,0.05527114950352788,0.3651388812335699,0.3585289669169632,0.34775459928879005,0.30674852351134163,0.5374861656128791,0.4552710970989851,0
434,0.1755950336181225,0.36033850074553897,0.5461793760218417,0.48625872074564735,0.4308791975246492,0.5683041697891266,0.6034079866849753,0
435,0.22785583351920444,0.32217438300865314,0.39064490179752553,0.612794701418377,0.4669755274467901,0.3913315212189873,0.38059833197640697,1
436,0.2594500594802573,0.36254251491250883,0.3009973766406876,0.5946573901227589,0.5353407930228792,0.5769798176961284,0.5224242069934356,0
437,0.17379935003587133,0.16841858871341456,0.4030991141492733,0.264214568958377,0.5550113671295139,0.41167496368217993,0.49736064270726255,0
438,0.48110409700379003,0.31332770500145674,0.3734990344147035,0.6158734259419018,0.39261463808062474,0.7271005736106522,0.37037133348330353,1
439,0.03721535851133009,0.24065346844142485,0.34979716488026125,0.27614458166768396,0.5484406742787856,0.5220248509627176,0.5418328499048727,0
440,0.1685132580117071,0.4445658398286567,0.26683888872831085,0.26308281619901286,0.3558841627072955,0.5505953411116687,0.5032395636471124,0
441,0.28180707766143964,0.41169121070474735,0.31163920807910683,0.553600230205043,0.4520376067643224,0.37857540164435216,0.45300377650148754,1
442,0.41736468931271214,0.28499814554969916,0.2873431467625611,0.2915590330900504,0.5365408550021497,0.4956122740680658,0.36794202927848363,1
443,0.41484617883514896,0.273086822327138,0.22235177584528948,0.5258707465205551,0.5130566399304927,0.6094230678642818,0.46936742884603,1
444,0.1060609459790586,0.2865821068529175,0.33269962923618424,0.6485360395234008,0.44067571614659523,0.4052217801595061,0.4843705312192135,0
445,0.33387302047476686,0.3663228915333647,0.2307205421327403,0.3129025169338894,0.5456828616395308,0.45161552878240374,0.4422110912017667,1
446,0.3713891958774401,0.49914092991207415,0.31946215008306406,0.6753017390399152,0.282772349598393,0.7150384278421936,0.38581816647898,1
447,0.23351776358464646,0.38969032852768115,0.30350454896877643,0.4620823683089335,0.5704547577638371,0.3925064097701934,0.481436363894355,0
448,0.4060683629534746,0.31321811564001906,0.3778551439380088,0.3537519293870516,0.3555756280866339,0.422867249067326,0.45540687953862197,1
449,0.1808216974035305,0.4052803523427404,0.22030451535285334,0.31634753476166766,0.40915972580433896,0.5190248605461402,0.5318042311304544,0
450,0.24589720895493106,0.7393375258918027,0.5902846032690968,0.20125236793980747,0.5856919229879916,0.2929165758383486,0.6831542061419914,0
451,0.22059193657012252,0.46453770044556514,0.2850741376933013,0.4982418230166466,0.3511752451831659,0.3134904593803998,0.4569042208136013,0
452,0.043885619926172986,0.2369277361455368,0.33743599551921494,0.39823540241270006,0.5734638051651555,0.5701441831106969,0.5006266853514222,0
453,0.2824372720409549,0.39837813488651275,0.155110596310671,0.4911187463148897,0.4496759121382297,0.3566420839821667,0.5063024564378017,1
454,0.09423618305847614,0.3177970551474486,0.3223538308269521,0.6300811410066258,0.45034093523502833,0.493316335867111,0.48485889304910396,0
455,0.21807826354604104,0.4106889181075394,0.2895559208375637,0.4194625804967744,0.4013463471419857,0.454211108447239,0.5152386074582809,0
456,0.3736715984160697,0.16940591554196857,0.36148931423013236,0.4002449889146929,0.48483969639815216,0.4331862914757356,0.5216984026068903,1
457,0.31779528557663866,0.32701745256594755,0.2504572583971559,0.3866095787302677,0.395560358338575,0.3921227826470164,0.43608986613663436,1
458,0.21347312705394075,0.49913566604007437,0.3528990842771285,0.4076940781497759,0.4317627383580365,0.3670960014453236,0.4805208052529671,0
459,0.17996290251414587,0.4976060343144688,0.43031805425999936,0.3520913380394136,0.44951179850304473,0.3507604404790562,0.4161897212320963,0
460,0.7282758483134226,0.4502874472107363,0.19007675646778166,0.6758856029403906,0.4697245992364738,0.5053455253454389,0.5358954249718614,1
461,0.5818378207906211,0.2008308672079017,0.330230852504797,0.31464814145432773,0.4723033273523154,0.4186839614075154,0.5817623757809085,1
462,0.3307621092852042,0.3067495310018224,0.35425788796006186,0.2433393818137955,0.4784948927021615,0.4769937448547091,0.5030432181474057,1
463,0.3078595495784085,0.4965518741927024,0.2083336637294808,0.35668010540700273,0.45825099656869744,0.48491646300181945,0.4653691648480372,0
464,0.10551770699471757,0.2862612644080305,0.2851414287236664,0.3920567775494403,0.5774128999893993,0.5909994957047509,0.5469033840329282,0
465,0.12328321489165206,0.3056330733061239,0.3126005947697382,0.6820648662143582,0.4442881026255819,0.39442813758612216,0.4691900328152592,0
466,0.3080234160299997,0.28460977818424976,0.39844314859789914,0.4382114988761978,0.45470077845313706,0.5306396854693469,0.4551554504670482,1
467,0.11352600231090043,0.2544373563847919,0.32795669892974083,0.4925027458801356,0.49520687413687686,0.5317481335523266,0.449065381589443,0
468,0.3518768039918999,0.4309592355438716,0.4372182829282826,0.4399508820372587,0.3504353390411024,0.47243627154168205,0.3789574898310167,1
469,0.10724999573048088,0.33971114753647286,0.2043787761899983,0.27336515191932464,0.4829338118289329,0.5068373349509933,0.4878909734851694,0
470,0.48452819431153904,0.4158081826570913,0.4858181480506162,0.6344452941364439,0.39850826030664926,0.3255141733648459,0.48962236536635034,1
471,0.12500177154601236,0.28114214489520223,0.3462061909242994,0.27776671209575343,0.5011223744785596,0.47094774454838156,0.39082025443058355,0
472,0.07801711823747809,0.4334278974008913,0.44006844071274454,0.5141146097404424,0.2774888439937807,0.3948610448567356,0.427172151896413,0
473,0.0484344561056706,0.5436961617642081,0.3085115090872137,0.3312975897189092,0.1716482312285088,0.40663481751593356,0.6168978420136996,0
474,0.4878780611763772,0.26220934616800784,0.3065049969736258,0.36306021255409204,0.43991354439898644,0.5264399392340248,0.44005857602418985,1
475,0.23524804257189252,0.3848097080320537,0.21035074128517772,0.30065136206585147,0.4979343018485969,0.3776287042862063,0.5697331606839078,1
476,0.16234314690853544,0.399543819378885,0.3170845843339303,0.47439389128946935,0.3131310391999088,0.46976437680164707,0.438324218410196,0
477,0.6027976032730016,0.3299837293774833,0.18856319784415304,0.40712121318836747,0.4472368099718818,0.5136622113455462,0.4493965308772401,1
478,0.03719083000149989,0.36522241611271355,0.33052728621349936,0.5835119985565588,0.434937682535088,0.42695449107642014,0.6032138965471394,0
479,0.11302942349198311,0.3707090568751107,0.40231068383666563,0.7061420408272561,0.4120339696599654,0.6915261366068368,0.49357839619430005,0
480,0.21851278662535983,0.46714178180983496,0.3828931134874928,0.1118439134965385,0.20582818690630114,0.44078615792544046,0.37086319357189124,0
481,0.14649078669174134,0.33954145844139033,0.2776085255269672,0.2725348985320556,0.5742470080794915,0.5144719861643081,0.48275759152145287,0
482,0.16098996761824957,0.46466896398025115,0.43293543687497005,0.7793575961412795,0.45338620481468517,0.2816669493963601,0.3951280776118595,0
483,0.14324959488720773,0.37007708755131097,0.30955968825205654,0.47730165074602776,0.41482340827434816,0.47022542846420384,0.4703610959304172,0
484,0.5040852006149179,0.4202831956988946,0.18507516522868447,0.565320852396203,0.5334648507307997,0.39738568503202504,0.6575662775172048,1
485,0.16182693440165746,0.44378232436385223,0.3584556181983633,0.5788316844627754,0.4408744764864531,0.6396793749085383,0.5485439079136224,0
486,0.08506097644807786,0.3501758386243719,0.2864754681483156,0.2726289834745919,0.4563632857376862,0.4341171000793187,0.5024784227255068,0
487,0.1734310403943508,0.4968714619696209,0.44372731683154176,0.4436499692785014,0.11844183923469814,0.5475850878291187,0.5411977993955717,0
488,0.12847693012761457,0.3106441621029415,0.23169631190848178,0.3201546382691563,0.4711042806402221,0.44991488289196896,0.5365307197599131,0
489,0.11889411167182654,0.46479407017869007,0.31147736803581677,0.4109512459402502,0.2988319480018203,0.4854571088408952,0.5275513927971269,0
490,0.12366471915820212,0.38708716367899726,0.3562011925622432,0.4206523411981184,0.31542972205893033,0.6033560841848562,0.4316002235973802,0
491,0.21337800476546256,0.25686363055872435,0.30034784176870155,0.6156890477527062,0.48852907046670496,0.4669383965620632,0.5564596969201346,1
492,0.14204146154569447,0.3762349829136513,0.4525668323968853,0.3194565281884926,0.3699609750179957,0.6688082372855448,0.4563357487245437,0
493,0.35295795979461675,0.24987657307592698,0.23026780451317774,0.4206555806874349,0.46729403827574384,0.451988893720162,0.4602575627376637,1
494,0.17895912564048402,0.30645340293945794,0.35115494705424594,0.5672326243203325,0.4585557540068449,0.4888094302091033,0.52487977946645,0
495,0.13242519316259588,0.44880734648249676,0.3878656429490845,0.4696479916950853,0.3279160598405595,0.5688456847608139,0.5091723981611791,0
496,0.35105768622443995,0.39415886026044317,0.3757223384422212,0.6008609967310835,0.39042499972983735,0.28447422539596523,0.46910107087524044,1
497,0.17739195238266714,0.4205794664372887,0.27058914940073986,0.30413732764106294,0.4094395903626715,0.4512832408114576,0.43065311480502577,0
498,0.11505708844325713,0.3651471702513591,0.29927547964207085,0.4527542758540729,0.48926266966233056,0.42253260178948837,0.5377056616860905,0
499,0.19834623823197634,0.41874801481616236,0.5168150632780086,0.37404935940687906,0.17752670044329477,0.36071665316609536,0.3155329064850986,0
500,0.15130841496028435,0.41309279170302204,0.2568376123546622,0.5377393713871897,0.41499705855042757,0.31417398965029464,0.5104758131339041,0
501,0.20024159277191433,0.6065267525032652,0.33720801336574063,0.24085774064278404,0.07709033468055843,0.44884698772203324,0.3649423893414885,0
502,0.06914178915682118,0.3906257973121765,0.515835107134284,0.8467656645299525,0.24812837561080436,0.48100305068376453,0.596282464077826,0
503,0.1719440338333479,0.4172633240389733,0.19717351574252268,0.5011865830398889,0.3984166713326499,0.4371132625458554,0.5516683690387284,0
504,0.19053411626686415,0.3906322297614584,0.44811536710225797,0.3705929454840106,0.6813943298894309,0.4474796920748661,0.43011065431159096,0
505,0.32469494064665094,0.2599798110340823,0.20301799498310696,0.48074687855889786,0.4323370182460739,0.43996111171531865,0.4300619808118412,1
506,0.530251968521477,0.33857108359092153,0.29868294371303006,0.5612822102486514,0.3959745381191721,0.48584586327045554,0.5498131832181549,1
507,0.2679541692964249,0.47626397369184176,0.18981281234188063,0.5394335329024862,0.4382164070738862,0.5790752561707632,0.5782424036456593,0
508,0.272721137511455,0.4547832815869552,0.513366074721184,0.27321333925980484,0.3480287861416108,0.3257395102907206,0.3354716000965431,0
509,0.22305139311516586,0.5540204280165295,0.3788359380361917,0.20663736517772657,0.37134001162270286,0.4418406164903946,0.594370941776605,0
510,0.12474295294867455,0.30028589233574143,0.29454041343189596,0.4244675264222225,0.5548469109540808,0.38879926819499294,0.4643410863646619,0
511,0.19721728339366035,0.5470935267845354,0.4023069737916918,0.35976680893332413,0.42319348481933877,0.3883924510910929,0.5028953081381963,0
512,0.7434573486363716,0.26707167209507787,0.3322077555185431,0.4662285230635442,0.5452638202473742,0.2326575314903518,0.4967889684360941,1
513,0.2871827750336309,0.4210908210030713,0.1589099127101021,0.4386503074973519,0.5158709393234433,0.35536189307347743,0.4927824725290819,1
514,0.10878296900501588,0.39999555242595525,0.2714159123205868,0.22810466238499952,0.4223739585927747,0.4504980681224724,0.47842687518127597,0
515,0.16024034019296995,0.36938319670246117,0.2926194314020809,0.4335773308686195,0.4384504187828383,0.46050437285272244,0.5047196294403475,0
516,0.5150509327896876,0.32347634721644136,0.2968174612928412,0.35935262158776426,0.4375321171467493,0.5241085299615449,0.4182009823899048,1
517,0.5469599632342064,0.2081762316543788,0.49466158952674305,0.3440947027278961,0.4175059741392724,0.23107208827017883,0.43052538802418205,1
518,0.1334904022793838,0.2691377694907472,0.3441857753774752,0.6693252621179879,0.5517730966438492,0.48753828668768534,0.4943785667943277,0
519,0.07832440654995071,0.34114120801660414,0.35815046120969246,0.5485152963126669,0.41403165141281967,0.4359770115621876,0.474234357355972,0
520,0.1850094061555637,0.375957906713995,0.26214286271455856,0.6287502181371935,0.5820537844031205,0.4346966626848888,0.5718269053810917,0
521,0.48122791454986014,0.4875266616665454,0.1972964853228173,0.4798412642630496,0.4274537576982907,0.31233723816132886,0.5443800345947871,1
522,0.7941629825267469,0.589194535311288,0.426996226279419,0.4801861917543831,0.16686289468095228,0.9657893514698576,0.34165848426401546,1
523,0.10301064384430578,0.3876022144531206,0.3565679663738754,0.5212447358188218,0.2946998021530506,0.547851320086983,0.38904365417503406,0
524,0.2296937860600193,0.4406740644815526,0.27740741234979777,0.3893550597867722,0.49314320304213,0.5851456521810741,0.5273846234764987,0
525,0.3709434582105824,0.4847906135922666,0.39414453663193294,0.587828245343246,0.2636578544370999,0.3030487152150979,0.39737084507405457,1
526,0.37398901483036584,0.3801440235506669,0.23578296835759888,0.42394212412788734,0.48006465101515894,0.5435899345292363,0.5552110774445619,1
527,0.11819813872287982,0.3042661058870413,0.354008119062856,0.49282395011994706,0.4806179320662153,0.5040712294385838,0.43231776349634987,0
528,0.38818793899786885,0.4142015771689739,0.26437343338710595,0.47931968918727297,0.5695330482210449,0.4266327392572339,0.4080076328737493,1
529,0.06375190845495651,0.49498830586931686,0.4009820844543567,0.6703068222920194,0.2788834465796922,0.4666357815763499,0.6798378107235828,0
530,0.1944078511716969,0.40167409575918145,0.19542422240174553,0.2505578223704132,0.427906998030367,0.4781376035899531,0.4942288968820858,0
531,0.14506461590213982,0.3200745204524128,0.344715319867179,0.5700106646624776,0.4479062720953235,0.3365992991937443,0.4769474858825669,0
532,0.27467972113174355,0.3961783106298742,0.2691165435577261,0.33097762692710997,0.4032503940154638,0.4651013883547388,0.440562719520906,1
533,0.05367725232026449,0.34441392591482234,0.38482070850261013,0.39186131885793324,0.5114796335125792,0.45327794452882275,0.5295063749054035,0
534,0.21280465559696227,0.48449218759859847,0.22663784937959602,0.26533901892310563,0.30532547463191234,0.449763067246075,0.4625948532536464,0
535,0.3142768261053362,0.3225389190196976,0.2467120005839688,0.5407388665922952,0.3840154479153644,0.5359940455529133,0.46991039516543015,1
536,0.051976232958305835,0.34656652390486087,0.3130487134515245,0.38253885696569895,0.4081070513975345,0.5271497493392729,0.5598196307083687,0
537,0.2828735288472274,0.3902743131138579,0.42596328876662176,0.5915578093244437,0.4030023269917961,0.5207536297434302,0.33272910490746066,1
538,0.5798027495066413,0.2798010346225233,0.4077957329700315,0.38707429701948276,0.5252077589925599,0.5678200433774909,0.47108509654650405,1
539,0.2657639221491994,0.23275263634108326,0.3211199855207086,0.6345228106611911,0.46730133814158803,0.38252284376482415,0.48584507291213463,1
540,0.4969638016517907,0.5569998475891602,0.2710416390275055,0.26101674072789105,0.34588896548921144,0.34501878874313624,0.4816922761779232,1
541,0.5466521178498347,0.7412198325938919,0.03299550695381437,0.7116512720498971,0.5882188021128355,0.37210920589176466,0.7818316902326993,1
542,0.525082515499957,0.44235734035766494,0.4495101589083881,0.4684750952608347,0.6595876689396079,0.3353227924808161,0.7107906880055397,1
543,0.18134864132255404,0.4385611024544464,0.41653985804681437,0.6041255625147829,0.7326731685553605,0.4632322344277556,0.5733348605582722,0
544,0.17013765054002133,0.3985211912425972,0.2591245252228702,0.28975108379603653,0.42395146399355105,0.30102175206204884,0.4878025259913766,0
545,0.15456798550488454,0.4032468307134161,0.26906437407681855,0.4282494551702143,0.3741856855357082,0.564504912298998,0.4685263452155457,0
546,0.21293631266656748,0.3813935248463861,0.15041782448911148,0.4066462066578773,0.40003149193202525,0.43528505214410285,0.4947802985563073,0
547,0.2240053643076463,0.341868773984059,0.2994266608163554,0.3037122612503066,0.5132507067938481,0.38190055474522094,0.5758420291634387,0
548,0.029226168140600584,0.2898290934428442,0.5299116290582052,1.0,0.40585230136924594,0.3385239830801616,0.5697320774598971,0
549,0.10925800793891435,0.4292128415036341,0.4155115462796861,0.5419955265047954,0.144739420400527,0.5707345253583297,0.3659747205143812,0
550,0.14245530455696365,0.5038558240946922,0.43345802211193,0.3869989917608134,0.30686044622411074,0.3657052753138468,0.482170322626461,0
551,0.42512479191270397,0.21141764312185726,0.4527899428196376,0.7390675264273958,0.42135101316094953,0.4312797814767416,0.43835708180716715,1
552,0.4644120767912905,0.5150021689023754,0.15119025966766408,0.6763730407695134,0.16045744119723415,0.3642765623037254,0.5057879305403844,1
553,0.08299455647620232,0.39178719021648883,0.3313978201074144,0.25308732752813656,0.33920093418546093,0.49834210383759625,0.41205336864002845,0
554,0.3649999853684748,0.31322046966903694,0.3660598818960056,0.6744434168703033,0.575663605365845,0.3441375801374905,0.4209553608932798,1
555,0.2860125667985115,0.3029617758518176,0.2324466050775737,0.5480234750014411,0.46115730117576575,0.4715843024139697,0.49006847113146923,1
556,0.02445773219764588,0.4071769785723977,0.28883364542791506,0.21516467537911632,0.35313468019737715,0.5782175834142411,0.5849816916173931,0
557,0.5398867010892255,0.4167262990124962,0.34685557908424625,0.17895466183263736,0.42590194965306993,0.5474540703481656,0.6123191154229936,1
558,0.37851252687460646,0.3255115084598099,0.2560155754022573,0.3995717626554511,0.43779628226965084,0.4220676400115877,0.41118288507649925,1
559,0.13782161486411607,0.3936793463070547,0.4094305512209859,0.6769329498800722,0.3221095838403185,0.550454509959604,0.5961781819536303,0
560,0.1839141078717138,0.4005137097940183,0.36450307189922165,0.48583224009664955,0.3591546629093343,0.36649569566155243,0.5224046512626496,0
561,0.19379086388016217,0.45278388562380495,0.3784941179092762,0.5577163231432766,0.41952779070767426,0.2701392032195955,0.48788039607199435,0
562,0.582672308895019,0.1155694184421725,0.4712959732170479,0.26467274665414936,0.4735907652994758,0.47524252502317854,0.5890973430329756,1
563,0.23356220048482967,0.3626652608923313,0.2748748963753721,0.28958333388836344,0.5114930808801574,0.4334159247088461,0.41116714479297056,0
564,0.14591596261453826,0.26719857855575785,0.2900764399763593,0.43375442585177204,0.5466807733893415,0.44840110724922383,0.4790157822285036,0
565,0.31857689283895524,0.2865160887958008,0.40579684544638506,0.3858551972499882,0.3894933794224347,0.3694206589393352,0.389605101849671,1
566,0.1400590979640861,0.4026100904984849,0.2967950540271662,0.33892226967047445,0.3954353792393074,0.43925686591264157,0.46469439892996695,0
567,0.2203064197927854,0.3351213031970668,0.40102597859413824,0.838999273690813,0.5749114211333706,0.3051693077259961,0.5348121624620924,0
568,0.5524645257207197,0.09090698572115419,0.3827240498386737,0.768541228259809,0.3319500834054158,0.3752531912274714,0.7246634028182031,1
