,0.09692839225708741,0.2576936083868785,0.10365558703614122,0.0781821473836683,0.5086838803407515,0.524935935343978,0.40968122786304595,0.0
1,0.6677552179468975,0.5701724721001014,0.6835049409163153,0.1876878508057215,0.5146272204979199,0.49931007293514695,0.4811753902662993,1
2,0.1037436698376639,0.14034494420020285,0.10648883974846246,0.10802100307803728,0.17955490985934097,0.33845850581509956,0.19585465040010497,0
3,0.1736475933551044,0.5245180926614812,0.16736922120102274,0.050045265254390736,0.5199101895265139,0.36349300216834224,0.1733569460842188,0
4,0.1509300014198495,0.17483936422049373,0.14345933245801945,0.14640593880137603,0.37198705672587995,0.3926670609107038,0.16502689229961953,0
5,0.35775474466373225,0.6029759891782212,0.36583511851288786,0.09360854608002896,0.6381166215413063,0.5229647151586834,0.5185622458349731,1
6,0.35160206351460077,0.3388569496110923,0.3609978577845346,0.2786891182328444,0.18926236544938255,0.13936526710033517,0.21612226157680703,0
7,0.2105636802498935,0.19208657423063916,0.20226660216985695,0.02332065906210394,0.3158555107970679,0.21900256258624093,0.08271021907385545,0
8,0.24937289980595392,0.2783226242813662,0.23826964273374332,0.03929024081115336,0.333685531268573,0.3051448846836192,0.17237308146399058,0
9,0.6109612381087605,0.3567805207981062,0.5991983967935872,0.14354517472388195,0.46575975698342464,0.19396806623299828,0.23822642004460184,1
10,0.2545790146244498,0.40886033141697664,0.24870430516204822,0.06746333514394351,0.39113781945453335,0.277350680070964,0.2464252918798373,0
11,0.6682285011122155,0.36557321609739596,0.6517172275585653,0.2001810610175629,0.433401571683286,0.13857677902621726,0.12600026236389872,1
12,0.37337308911922,0.23537368955021984,0.3790339299288232,0.11410465326815133,0.7701908472561578,0.39818647742952895,0.3375311557129739,1
13,0.12712385820436367,0.29692255664524847,0.12231359270264666,0.09636067354698533,0.3449118404543353,0.3171693278139169,0.19808474353928895,0
14,0.30380046381750203,0.244842746026378,0.28809342823578193,0.016983523447401783,0.3310440467542759,0.23181549379065647,0.13629804538895446,0
15,0.5816176818590563,0.5667906662157591,0.5812314283739894,0.16089082020640952,0.5265139008122566,0.41533609304159286,0.37557392102846643,1
16,0.5210374366983765,0.022658099425093003,0.5459885287817013,0.35614702154626104,0.6011358383411478,0.5984624482554703,0.4188639643185098,1
17,0.3899379999053434,0.7071356104159621,0.4119273028816254,0.05384754662321202,0.46575975698342464,0.49753597476838163,0.5631641086186541,1
18,0.3445028160348336,0.2861007778153534,0.3277589662082786,0.042911461162411735,0.15373439873208744,0.21111768184506213,0.14246359700905153,0
19,0.22334232571347434,0.31788975312817036,0.21104277520558357,0.017599130907115693,0.3376477580400185,0.37886851961364093,0.09536927718745904,0
20,0.3923044157319324,0.1082177882989516,0.3757860548683574,0.03690023537932283,0.33698738691144425,0.1488271239897497,0.12921422012331105,0
21,0.39561739788915706,0.15387216773757184,0.4057079676594568,0.11852254209668657,0.44792973651191975,0.6114725014784153,0.2913551095369278,1
22,0.30900657863599795,0.3104497801826175,0.3061986041047612,0.036972659786348006,0.4730238393977416,0.21703134240094624,0.14311950675587037,0
23,0.16560177954470168,0.34325329726073717,0.15845484071591456,0.09429657794676806,0.530476127583702,0.25980682042184117,0.14718614718614714,0
24,0.3624875763169104,0.18701386540412576,0.35920116094257476,0.14484881405033492,0.3733077989830285,0.31263552138773903,0.19473960383051292,0
25,0.353495196175872,0.3554277984443692,0.35035588418215735,0.035379322831794305,0.5549098593409496,0.6284249950719496,0.30342384887839435,1
26,0.19210563680249892,0.2407845789651673,0.18747840508603414,0.030852797392721343,0.4340619428118602,0.2824758525527302,0.15590974681883776,0
27,0.6071749727862179,0.42069665201217443,0.5957432105590492,0.23418432011587903,0.5284950141979793,0.2371377882909521,0.1384625475534566,1
28,0.15518954990770978,0.08488332769699017,0.15175177942091078,0.028824913996016666,0.41689229346892953,0.27045140942243256,0.1454807818444182,0
29,0.27966302238629376,0.11531958065607026,0.26328519107179876,0.015100488864747422,0.1650267450307072,0.1466587817859255,0.09254886527613802,0
30,0.30380046381750203,0.36557321609739596,0.30993020523806236,0.10106826000362122,0.5694380241695833,0.39818647742952895,0.36639118457300274,1
31,0.28297600454351846,0.290158944876564,0.27910994402598305,0.044975556762629,0.14607409364062596,0.32367435442538933,0.11432506887052346,0
32,0.5096786407307492,0.6195468380114981,0.5079814802017828,0.10074235017200796,0.45519381892623656,0.277350680070964,0.23422537058900694,1
33,0.6436177765156892,0.4203584714237402,0.6282219611637067,0.27108455549520183,0.30793105725417685,0.26493199290360736,0.023678341860160046,1
34,0.39277769889725017,0.42948934731146426,0.3809688342201645,0.03400325909831613,0.38915670606881064,0.31736644983244633,0.27994227994227994,1
35,0.32178522409957877,0.20561379776800803,0.30806440467141183,0.088647474198805,0.23793171762530543,0.05795387344766412,0.08566181293454017,0
36,0.38425860192152966,0.4163003043625295,0.3694976159214982,0.07206228499004164,0.4472693653833454,0.21880544056771148,0.15538501902138263,1
37,0.2536324482938142,0.17720662833953327,0.2384078501831249,0.09842476914720259,0.22208281053952322,0.14449043958210134,0.03082775810048538,0
38,0.057503904586113874,0.24112275955360157,0.054730149955082574,0.016223067173637515,0.38651522155451373,0.30356790853538346,0.1249508067689886,0
39,0.30616687964409106,0.2904971254649983,0.2958330454011471,0.06644939344559117,0.41425080895463245,0.21939680662329983,0.07208448117539029,0
40,0.20535756543139763,0.5874196821102466,0.19328311796005807,0.0034401593336954722,0.13775341742059033,0.25310467179183915,0.10383051292142204,0
41,0.7236026314543992,0.336827866080487,0.7532997028539838,0.3996016657613615,0.6533051574985143,0.4908338261383798,0.281057326511872,1
42,0.5877703630081877,0.4663510314507947,0.5895238753368806,0.14948397609994565,0.49613682889784066,0.2671003351074315,0.13839695657877477,1
43,0.03686875857825739,0.5015218126479539,0.02853983829728418,0.09929386203150461,0.1240837350591032,0.25744135619948755,0.10068214613669155,0
44,0.3728998059539022,0.24450456543794385,0.35312003316978785,0.0692739453195727,0.33434590239714723,0.189237137788291,0.08677685950413222,0
45,0.19636518529035926,0.2336827866080487,0.1843687374749499,0.010863661053775106,0.2101961302251865,0.1612458111571063,0.10356814902269451,0
46,0.12963225898054817,0.2877916807575244,0.11706170962614881,0.08777838131450297,0.0,0.06780997437413758,0.06919847828938734,0
47,0.124236830895925,0.24112275955360157,0.12335014857300808,0.026398696360673546,0.3442514693257611,0.2793219002562587,0.2834186016004198,0
48,0.14667045293198921,0.18261751775448085,0.13800013820744936,0.11334419699438708,0.5344383543551476,0.26966292134831465,0.1438410074773711,0
49,0.26404467793080605,0.3165370307744335,0.26349250224587106,0.09005975013579576,0.25378062471108764,0.10959984230238523,0.11045520136429228,0
50,0.38567845141748314,0.6797429827527899,0.36569691106350627,0.1291327177258736,0.28811992339694903,0.3287995269071555,0.04335563426472516,1
51,0.16560177954470168,0.17822117010483596,0.16377582751710312,0.07825457179069346,0.4063263554117415,0.2868125369603785,0.2716778171323626,0
52,0.2744569075677978,0.2292864389584037,0.25969179738787923,0.04537389100126743,0.3858548504259393,0.1612458111571063,0.05942542306178672,0
53,0.36722040797008854,0.5312817044301656,0.3518070624006634,0.06938258193011043,0.2300072640824143,0.22807017543859653,0.09523809523809522,0
54,0.13834066922239577,0.2823807913425769,0.14380485108147326,0.11573420242621761,0.38915670606881064,0.20678099743741385,0.40115440115440115,0
55,0.32367835676085005,0.4998309097057828,0.33542947964895303,0.13166757197175447,0.7147196724559204,0.4111965306524739,0.4149285058375968,1
56,0.27966302238629376,0.14879945891105845,0.2844309308271716,0.03295310519645121,0.3581192630258206,0.2117090479006506,0.4116489571035026,0
57,0.31989209143830755,0.27730808251606354,0.3063368115541428,0.05015390186492848,0.17130027075216273,0.15474078454563372,0.09904237176964446,0
58,0.30238061432154856,0.22590463307406153,0.292377859166609,0.018975194640593884,0.20689427458231519,0.09520993494973393,0.13931523022432113,0
59,0.36485399214349945,0.14440311126141359,0.3761315734918112,0.1574144486692015,0.3964207884831276,0.24876798738419087,0.24294897022169745,0
60,0.28060958871692937,0.22387554954345612,0.26770782945200744,0.02994749230490676,0.2544409958396619,0.2876010250344964,0.09477895841532204,0
61,0.3142126934544938,0.45722015556307066,0.299910165157902,0.08491761723700886,0.33302516013999867,0.21230041395623894,0.09504132231404956,0
62,0.4907473141180369,0.4514710855596888,0.4644461336466036,0.10472569255839217,0.34887406722578085,0.17484723043563968,0.0663124754033845,1
63,0.37952577026835155,0.1961447412918498,0.3708105866906226,0.04356328082563825,0.280195469854058,0.2738024837374335,0.18745900564082382,0
64,0.22807515736665251,0.25532634426783907,0.21746942160182436,0.08412094875973203,0.35151555174007787,0.23930613049477628,0.17165158074248987,0
65,0.3572814614984145,0.14440311126141359,0.3460023495266395,0.07043273583197537,0.4195337779832265,0.20520402128917803,0.15125278761642402,0
66,0.3184722419423542,0.30334798782549877,0.3105521387602792,0.07517653449212383,0.4710427260120187,0.25310467179183915,0.23133936770300406,0
67,0.20725069809266883,0.26580994250929996,0.19832768986248353,0.02900597501357957,0.48953311761209806,0.2775478020894935,0.14698937426210157,0
68,0.08258791234795781,0.206966520121745,0.08326998825236678,0.01991671193192107,0.6684936934557222,0.2682830672186084,0.30604748786566965,0
69,0.4320602016186284,0.2820426107541427,0.4236749360790546,0.21488321564367185,0.39774153074027596,0.24186871673565943,0.17407844680571954,1
70,0.5447015949642671,0.2641190395671288,0.5356229700780872,0.24653268151367008,0.4624579013405533,0.18628030751034894,0.258494031221304,1
71,0.3184722419423542,0.37605681433885685,0.32071038628982107,0.17092160057939523,0.622267714455524,0.32150601222156516,0.3939393939393939,1
72,0.35444176250650766,0.5167399391274939,0.3594775758413378,0.051674814412456985,0.4149111800832068,0.31973191405479995,0.30998294634658274,0
73,0.3104264281319513,0.15725397362191407,0.3017759657245525,0.05736013036393264,0.48094829294063257,0.27833629016361133,0.11511216056670603,0
74,0.40129679587297085,0.07372336827866077,0.4057079676594568,0.11204055766793407,0.5410420656408903,0.3254484525921546,0.30145611963793784,1
75,0.2777698897250225,0.39431856611430505,0.26839886669891505,0.14043092522179973,0.15089480287921814,0.1819436231027006,0.17361930998294633,0
76,0.5787779828671494,0.29962800135272233,0.5646465344482068,0.22306717363751583,0.6024565805982962,0.3887246205401144,0.18299881936245574,1
77,0.25978512944294574,0.25701724721001007,0.2533342547163292,0.015100488864747422,0.37264742785445415,0.28976936723832053,0.14147973238882328,0
78,0.25931184627762793,0.34426783902603986,0.2531960472669477,0.09150823827629911,0.22340355279667165,0.22077666075300617,0.14823560278105732,0
79,0.18358653982677836,0.3980385525870815,0.1708244074355608,0.0741625927937715,0.191045367496533,0.1760299625468165,0.0713629804538896,0
80,0.20772398125798663,0.3104497801826175,0.19611637067237925,0.055803005612891546,0.26830878953972126,0.33550167553715754,0.09773055227600684,0
81,0.559846656254437,0.34731146432194787,0.5328588210904568,0.07850805721528153,0.3508551806115036,0.19751626256652868,0.0152826971008789,1
82,0.30806001230536234,0.4257693608386878,0.2979752608665607,0.04428752489588991,0.2973651191969887,0.25744135619948755,0.09268004722550174,0
83,0.12239102655118561,0.20967196482921877,0.11346831594222928,0.03755205504254934,0.5232120451693852,0.23496944608712797,0.17539026629935725,0
84,0.48080836764636287,0.22624281366249566,0.49899799599198397,0.338403041825095,0.5502872614409298,0.49300216834220395,0.33359569723206084,1
85,0.1930522031331346,0.1731484612783226,0.18326307787989773,0.026797030599311975,0.2696295317968699,0.20205006899270653,0.23966942148760326,0
86,0.36106772682095695,0.2022319918836658,0.33784811001312975,0.07405395618323375,0.1976490787822756,0.19022274788093835,0.01252787616423981,0
87,0.033603104737564504,0.5319580656070341,0.03144219473429616,0.03914539199710303,0.583966188998217,0.24147447269860053,0.3381870654597927,0
88,0.5721520185527,0.5106526885356779,0.5839955773616199,0.3149013217454281,0.35349666512580075,0.6120638675340037,0.31982159254886533,1
89,0.31752567561171846,0.21508285424416634,0.3044019072628015,0.021365200072424415,0.25972396486825594,0.34654050857480784,0.14410337137609863,0
90,0.5764115670405604,0.5711870138654042,0.5694837951765601,0.1899692196270143,0.7067952189130291,0.33372757737039227,0.27653154925882195,1
91,0.6067016896209002,0.40074399729455523,0.5936700988183262,0.30555857323918156,0.42349600475467214,0.296668637886852,0.18044077134986225,1
92,0.211983529745847,0.28576259722691916,0.20592909957846728,0.07832699619771862,0.28547843888265206,0.12674945791444905,0.13997113997114,0
93,0.24038051966491555,0.31078796077105164,0.22714394305853083,0.04761904761904762,0.38123225252591947,0.2592154543662527,0.16915912370457825,0
94,0.29196838468455677,0.19039567128846802,0.286918664916039,0.05775846460257107,0.5060423958264544,0.450226690321309,0.20523415977961434,0
95,0.313739410289176,0.5065945214744674,0.3038490774652754,0.043273583197537574,0.5014197979264348,0.37551744529863984,0.15715597533779352,1
96,0.15518954990770978,0.23233006425431169,0.15244281666781834,0.001050153901864942,0.4948160866406921,0.22195939286418298,0.260724124360488,0
97,0.11131620048274887,0.4135948596550558,0.10517586897933798,0.06873076226688393,0.2584032226111074,0.17149615612063868,0.12390135117407841,0
98,0.1930522031331346,0.2505918160297599,0.18975882800082924,0.024044903132355605,0.627550683484118,0.23950325251330581,0.4050898596353142,0
99,0.17412087652042219,0.18397024010821775,0.16377582751710312,0.07944957450660874,0.24057320213960243,0.22570471121624291,0.04329004329004332,0
100,0.22996829002792368,0.3040243490023672,0.2359201160942575,0.13434727503168564,0.6110414052697617,0.6300019712201854,0.5585727403909221,1
101,0.16702162904065504,0.3544132566790666,0.17172275585654065,0.08042730400144849,0.38849633494023644,0.1612458111571063,0.2310114128295947,0
102,0.2692507927493019,0.2566790666215759,0.2588625526915901,0.03566902045989499,0.4439675097404741,0.22136802680859452,0.09077790895972712,0
103,0.19399876946377018,0.16909029421711194,0.18257204063299007,0.03469129096505523,0.33302516013999867,0.06643012024443135,0.11865407319952775,0
104,0.19210563680249892,0.17653026716266484,0.1857508119687651,0.01908383125113164,0.2531202535825134,0.322688744332742,0.1169487078577988,0
105,0.2578919967816745,0.24653364896854918,0.24055006564853842,0.0964330979540105,0.0853199498117942,0.06623299822590184,0.028072937163846207,0
106,0.3658005584741351,0.4017585390598579,0.357680878999378,0.11265616512764799,0.433401571683286,0.42046126552335905,0.35655253837072015,1
107,0.37337308911922,0.35508961785593507,0.3616197913067514,0.043744341843201154,0.33302516013999867,0.15848610289769371,0.0718221172766627,0
108,0.4576174925457901,0.3946567467027392,0.4575357611775275,0.2517834510229947,0.721983754870237,0.4037058939483541,0.2662993572084481,1
109,0.433006767949264,0.3709841055123435,0.44440605348628287,0.16574325547709579,0.7114178168130489,0.42203824167159476,0.38803620621802437,1
110,0.2787164560556581,0.21981738248224553,0.266671273581646,0.044541010320478,0.35944000528296893,0.4019317957815889,0.10219073855437494,0
111,0.11756353826494395,0.382144064930673,0.11277727869532167,0.0447582835415535,0.5522683748266526,0.2588212103291938,0.24314574314574314,0
112,0.6989919068578732,0.38146770375380445,0.7152926542740655,0.38221980807532135,0.37000594334015724,0.24995071949536768,0.21999212908303822,1
113,0.29244166784987463,0.3662495772742644,0.2782806993296939,0.0768422958537027,0.26830878953972126,0.22117090479006507,0.12626262626262624,0
114,0.18595295565336742,0.08927967534663506,0.1751779420910787,0.02310338584102843,0.14495146272204973,0.11393652671003351,0.07470812016266563,0
115,0.24937289980595392,0.430503889076767,0.23764770921152656,0.040702516748144124,0.35944000528296893,0.3025822984427361,0.17703004066640435,0
116,0.2730370580718444,0.23638823131552242,0.26756962200262596,0.0984609813507152,0.5040612824407317,0.29686575990538144,0.2002492457037911,0
117,0.3596478773250036,0.13358133243151837,0.34897380968834224,0.11044722071338038,0.3376477580400185,0.20914646165976744,0.10127246490882855,0
118,0.2503194661365895,0.6851538721677375,0.23239582613502868,0.12094875973202968,0.1522155451363666,0.16637098363887248,0.08126721763085402,0
119,0.24511335131809364,0.2813662495772743,0.2384078501831249,0.03907296759007786,0.3277421911114046,0.16577961758328408,0.1459399186671914,0
120,0.34497609920015143,0.43422387554954345,0.3453804160044226,0.033025529603476364,0.4413260252261772,0.2233392469938892,0.18673750491932312,1
121,0.38236546926025844,0.3422387554954345,0.39050514822748944,0.1322831794314684,0.5542494882123753,0.25014784151389713,0.17906336088154268,1
122,0.957877798286715,0.4112275955360162,0.9557736161979131,0.2623936266521817,0.5020801690550089,0.2544845259215455,0.16909353272989638,1
123,0.2843958540394718,0.15285762597226918,0.2784189067790754,0.025312330255296042,0.2841576966255035,0.17090479006505027,0.300800209891119,0
124,0.2976477826683705,0.170781197159283,0.2829797526086656,0.10653630273402134,0.1943472231394043,0.09107037256061501,0.046044864226682386,0
125,0.6710682001041223,0.4507947243828203,0.645497892336397,0.21010320478001082,0.45519381892623656,0.2477823772915435,0.13262495080676895,1
126,0.326044772587439,0.371660466689212,0.31773892612811827,0.058120586637696904,0.3647229743115632,0.1348314606741573,0.19598583234946867,0
127,0.326044772587439,0.21981738248224553,0.30910096054177316,0.05171102661596959,0.29142177903982036,0.1571062487679874,0.10553587826315099,0
128,0.6237398835723413,0.3364896854920527,0.6033446202750328,0.17418069889552779,0.2260450373109687,0.2937118076089099,0.028138528138528157,1
129,0.3127928439585404,0.27494081839702394,0.2933453113122797,0.053050878145935176,0.22340355279667165,0.15178395426769176,0.04978354978354982,0
130,0.25883856311231007,0.20257017247210002,0.26798424435077045,0.08075321383306175,0.7127385590701976,0.47703528484131685,0.45493900039354584,1
131,0.09318945525107672,0.2045992560027054,0.10331006841268747,0.0730400144848814,0.3085914283827511,0.017149615612063907,0.1454807818444182,0
132,0.552274125609352,0.26682448427460265,0.5522078640038698,0.18736194097410824,0.6387769926698804,0.44037058939483553,0.24144037780401417,1
133,0.3156325429504473,0.11667230300980716,0.3046783221615645,0.03574144486692016,0.3957604173545532,0.16065444510151783,0.2108093926275744,0
134,0.40839604335273794,0.3270206290158944,0.3884320364867666,0.04283903675538657,0.2458561711681965,0.22038241671594716,0.08690804145349602,1
135,0.2124568129111648,0.2137301318904295,0.20199018727109386,0.02143762447944958,0.5410420656408903,0.25349891582889816,0.2137609864882592,0
136,0.3520753466799186,0.23097734190057484,0.34800635754267156,0.08604019554589896,0.3845341081687908,0.293317563571851,0.21382657746294106,0
137,0.36438070897818164,0.35238417314846116,0.3520834772994264,0.13079847908745246,0.49679720002641486,0.2885866351271438,0.1778827233372688,1
138,0.23990723649959778,0.1663848495096381,0.23668025706585588,0.05507876154263986,0.5166083338836427,0.23299822590183328,0.18345795618522892,0
139,0.12788111126887222,0.32566790666215756,0.11927302881625321,0.06670287887017926,0.3217988509542363,0.19455943228858663,0.15846779483143125,0
140,0.1887926546452743,0.25329726073723363,0.1930758067859858,0.05283360492485968,0.44859010764049395,0.192193968066233,0.26420044601862785,0
141,0.21009039708457572,0.3608386878593168,0.23350148573008084,0.13909107369183413,0.9154724955424948,1.0,0.7737111373475009,1
142,0.2630981116001704,0.22353736895502196,0.2588625526915901,0.05294224153539742,0.5734002509410289,0.31342400946185694,0.1334120425029516,0
143,0.47702210232382025,0.3818058843422387,0.46997443162186436,0.255151185949665,0.486891633097801,0.20855509560417898,0.1374130919585465,1
144,0.34828908135737613,0.12715590125126816,0.3366733466933868,0.14865109541915622,0.38651522155451373,0.2950916617386163,0.03725567361931001,0
145,0.3596478773250036,0.3997294555292526,0.37053417179185955,0.051783451022994746,0.5370798388694447,0.5320323280110388,0.47527220254492986,1
146,0.22618202470538123,0.4020967196482922,0.21373782046852324,0.10671736375158426,0.24651654229677075,0.17110191208357975,0.0694608421881149,0
147,0.27682332339438687,0.4267839026039904,0.2865731462925852,0.07046894803548795,0.7034933632701579,0.36309875813128334,0.4542830906467269,1
148,0.28628898670074304,0.294555292526209,0.2682606592495336,0.02621763534311064,0.17063989962358841,0.08318549181943621,0.04361799816345274,0
149,0.4666098726868285,0.32972607372336826,0.44647916522700576,0.13304363570523264,0.10942349600475465,0.1896313818253499,0.03069657615112162,0
150,0.6388849448625114,0.397362191410213,0.6130191417317393,0.20854608002896974,0.3409496136828898,0.13266311847033316,0.10645415190869736,1
151,0.29480808367646366,0.6205613797768008,0.2839472047543362,0.0447582835415535,0.23793171762530543,0.17898679282475854,0.061589925226288866,0
152,0.07998485493870983,0.16029759891782205,0.07345725934627878,0.0394350896252037,0.2973651191969887,0.20244431302976543,0.15374524465433553,0
153,0.2313881395238771,0.40006763611768675,0.22831870637827376,0.052326634075683505,0.1545268440863765,0.14587029371180765,0.291748655385019,0
154,0.2735103412371622,0.12377409536692588,0.26604934005942926,0.07785623755205504,0.318496995311365,0.19692489651094033,0.18030958940049854,0
155,0.3728998059539022,0.4565437943862022,0.3911961854743971,0.060872714104653274,0.3990622729974245,0.2828700965897891,0.20969434605798246,1
156,0.2683042264186663,0.2861007778153534,0.2688134890470596,0.04378055404671374,0.5423628078980387,0.3282081608515672,0.31654204381477113,0
157,0.20488428226607983,0.3155224890091308,0.19355953285882105,0.05837407206228499,0.38189262365449383,0.16459688547210724,0.07457693821330186,0
158,0.2347011216811018,0.37368955021981737,0.23550549374611296,0.05891725511497375,0.26698804728257286,0.17740981667652278,0.2936507936507936,0
159,0.4964267121018505,0.5062563408860331,0.4996890332388916,0.3536121673003802,0.43868454071188007,0.1172876010250345,0.2489833398924308,1
160,0.3776326376070803,0.31755157253973626,0.3679082302536107,0.06380590258917254,0.39708115961170176,0.2753794598856693,0.19467401285583105,0
161,0.21860949406029628,0.2925262089956036,0.2079331075944993,0.02538475466232122,0.4162319223403554,0.3242657204809778,0.15472910927456385,0
162,0.2536324482938142,0.5799797091646939,0.25817151544468253,0.10639145391997101,0.7087763322987519,0.32525133057362515,0.4293585202676111,1
163,0.13015287046239768,0.19039567128846802,0.1381383456568309,0.25819301104472203,0.3832133659116424,0.3041592745909719,0.46477764659582854,0
164,0.20299114960480855,0.19580656070341557,0.20447792135996126,0.07930472569255839,0.2577428514825332,0.11669623496944609,0.3231011412829595,0
165,0.6204269014151167,0.47852553263442676,0.6282219611637067,0.34781821473836677,0.4195337779832265,0.3408239700374533,0.26006821461366914,1
166,0.3331440200672062,0.20121745011836317,0.31649505908368464,0.0371899330074235,0.21283761473948362,0.11255667258032725,0.07910271546635189,0
167,0.16702162904065504,0.4524856273249915,0.15935318913689442,0.06347999275755929,0.28481806775407775,0.130494776266509,0.08349731077003802,0
168,0.1370154763595059,0.3276969901927628,0.13931310897657384,0.024913996016657614,0.5595324572409694,0.20835797358564953,0.19585465040010497,0
169,0.21718964456434287,0.3155224890091308,0.2101444267846037,0.06333514394350895,0.3548174073829492,0.28976936723832053,0.18234290961563687,0
170,0.2522125987978608,0.23030098072370642,0.24462718540529332,0.050334962882491396,0.3066103149970283,0.20756948551153165,0.13806900170536537,0
171,0.3161058261157651,0.31856611430503884,0.31559671066270467,0.040883577765707044,0.28745955226837483,0.23240685984624482,0.21874590056408236,0
172,0.15802924889961667,0.22455191072032465,0.1487112155345173,0.03581386927394532,0.37859076801162256,0.2199881726788883,0.12429489702216975,0
173,0.5191443040371053,0.3483260060872506,0.486559325547647,0.15900778562375517,0.23793171762530543,0.6538537354622513,0.03981372163190347,1
174,0.2474797671446827,0.14812309773419,0.24179393269297217,0.05616512764801738,0.2075546457108895,0.21919968460477038,0.21776203594385413,0
175,0.2474797671446827,0.28102806898884,0.23854605763250641,0.051131631359768226,0.433401571683286,0.3258426966292135,0.12895185622458352,0
176,0.2787164560556581,0.33243151843084195,0.2686752815976781,0.09234111895708853,0.3317044178828501,0.3445692883895131,0.1463334645152827,0
177,0.45951062520706143,0.35475143726750075,0.4374956810172068,0.049176172370088714,0.19632833652512713,0.6134437216637099,0.13898727535091177,1
178,0.24605991764872923,0.14778491714575578,0.23122106281528576,0.03613977910555857,0.191045367496533,0.14350482948945403,0.0349599895054441,0
179,0.4434189975862559,0.459249239093676,0.45062538870845137,0.11577041462973021,0.4644390147262761,0.642420658387542,0.2695789059425423,1
180,0.450518245066023,0.290158944876564,0.43404049478266876,0.08234655078761541,0.41359043782605825,0.16341415336093046,0.06329529056801783,0
181,0.23943395333427986,0.6232668244842745,0.22845691382765526,0.17910555857323915,0.21746021263950338,0.16538537354622515,0.07444575626393812,0
182,0.14525060343603582,0.26445722015556306,0.1424918803123488,0.05446315408292596,0.45585419005481076,0.26197516262566534,0.14167650531286896,0
183,0.3440295328695158,0.4061548867095028,0.3444129638587519,0.06319029512945862,0.4849105197120782,0.3993692095407057,0.3040797586252132,1
184,0.20346443277012635,0.12445045654379436,0.20185197982171238,0.0821654897700525,0.43274120055471166,0.10585452395032527,0.08395644759281122,0
185,0.4883808982914478,0.2492390936760229,0.4782668785847557,0.07162773854789065,0.46509938585485044,0.310072935146856,0.1711268529450347,1
186,0.6440910596810072,0.38992221846466,0.6496441158178426,0.17342024262176353,0.49679720002641486,0.18036664695446483,0.22924045651318378,1
187,0.07747645416252547,0.07034156239431849,0.0729044295487527,0.016078218359587185,0.6744370336128905,0.3262369406662725,0.2310114128295947,0
188,0.26735766008803075,0.37368955021981737,0.2650818879137586,0.08361397791055585,0.3799115102687711,0.13029765424797948,0.19559228650137744,0
189,0.43963273226371336,0.37199864727764625,0.43611360652339165,0.11805178345102298,0.5800039622267714,0.30317366449832456,0.17683326774235866,1
190,0.2630981116001704,0.28271897193101114,0.24621657107318085,0.08676443961615064,0.14369675757775868,0.13167750837768583,0.0011150465695920486,0
191,0.4879076151261299,0.42002029083530595,0.4879414000414623,0.2619228680065181,0.27887472759690946,0.29607727183126353,0.1298701298701299,1
192,0.5229305693596479,0.24146094014203584,0.5093635546955981,0.06775303277204417,0.36406260318298883,0.25172481766213295,0.17847304210940576,1
193,0.22618202470538123,0.2850862360500507,0.21567272475986454,0.19319210573963425,0.2808558409826322,0.08141139365267103,0.09254886527613802,1
194,0.2848691372047896,0.37436591139668585,0.27447999447170207,0.111787072243346,0.38651522155451373,0.32150601222156516,0.06106519742883382,0
195,0.17128117752851532,0.3124788637132228,0.17614539423674935,0.12275936990765887,0.3310440467542759,0.2710427754780209,0.13662600026236393,0
196,0.21955606039093187,0.2864389584037876,0.2252090387671895,0.10812963968857504,0.7054744766558807,0.21584861028976943,0.2470156106519743,0
197,0.37905248710303374,0.5238417314846127,0.35761177527468735,0.39923954372623566,0.14990424618635667,0.0,0.0,1
198,0.2323347058545128,0.3875549543456206,0.2252781424918803,0.05909831613253667,0.47170309714059305,0.29765424797949935,0.12114653023743936,0
199,0.09555587107766578,0.15860669597565094,0.08686338193628634,0.022849900416440347,0.1812058376807766,0.28109599842302385,0.15085924176833268,0
200,0.577358133371196,0.432194792018938,0.578467279386359,0.11739996378779646,0.40302449976887017,0.32091464616597676,0.24380165289256198,1
201,0.09754366037200057,0.31078796077105164,0.11250086379655863,0.12811877602752125,0.33632701578286994,0.30948156909126756,0.3309720582447855,0
202,0.22807515736665251,0.23233006425431169,0.2432451109114781,0.07539380771319934,0.4446278808690485,0.8296865759905383,0.3145743145743145,1
203,0.32746462208339255,0.3222861007778153,0.3105521387602792,0.0797030599311968,0.2326487485967113,0.1559235166568106,0.13767545585727406,0
204,0.37715935444176246,0.3063916131214068,0.3735056319535623,0.1124388919065725,0.18840388298223598,0.2536960378474276,0.24360487996851632,0
205,0.3066401628094089,0.6256340886033142,0.2909266809481031,0.020785804816223066,0.2617050782539787,0.22255075891977133,0.10212514757969308,0
206,0.8873586066543613,0.2620899560365235,0.9011816736922118,0.31986239362665214,0.5403816945123159,0.41888428937512323,0.2171717171717172,1
207,0.3558616120024611,0.0399053094352384,0.3489047059636514,0.0656889371718269,0.39708115961170176,0.260989552533018,0.16410861865407325,0
208,0.8352974584694022,0.4020967196482922,0.8410614332112503,0.31866739091073687,0.4162319223403554,0.31381825349891584,0.2733175914994097,1
209,0.24605991764872923,0.27494081839702394,0.23495266394858688,0.09219627014303819,0.28283695436835504,0.130494776266509,0.12278630460448646,0
210,0.28013630555161156,0.21001014541765298,0.2760693801395895,0.03722614521093609,0.3964207884831276,0.39109008476246804,0.17145480781844422,0
211,0.49595342893653277,1.0,0.4810310275723862,0.15393807713199345,0.43142045829756326,0.25389315986595706,0.1962481962481962,1
212,0.5896634956694591,0.30808251606357795,0.5826135028678046,0.16454825276118049,0.5298157564551278,0.3353045535186281,0.22989636626000265,1
213,0.13280325618817743,0.345958741968211,0.12659802363347383,0.08093427485062465,0.3990622729974245,0.07273802483737432,0.22851895579168308,0
214,0.24700648397936484,0.1859993236388231,0.23647294589178358,0.052869817128372264,0.35944000528296893,0.21604573230829888,0.16115702479338845,0
215,0.6384116616971933,0.37064592492390935,0.6282219611637067,0.26148832156436713,0.2544409958396619,0.3262369406662725,0.05785123966942149,1
216,0.23044157319324152,0.2620899560365235,0.21940432589316566,0.034582654354517475,0.4340619428118602,0.30277942046126555,0.09858323494687127,0
217,0.624686449902977,0.33243151843084195,0.6220026259415383,0.11645844649646928,0.629531796869841,0.2891780011827322,0.1686343959071232,1
218,0.8173126981873254,0.35475143726750075,0.8458986939396032,0.5060655440883576,0.6500033018556429,0.3266311847033314,0.16430539157811883,1
219,0.2096171139192579,0.1761920865742306,0.2055144772303227,0.08071700162954915,0.27028990292544414,0.048492016558249584,0.1261314443132625,0
220,0.7718775143168157,0.5735542779844437,0.795452974915348,0.16020278833967042,0.5443439212837614,0.32190025625862406,0.21369539551357736,1
221,0.6322589805480618,0.3990530943523842,0.6365144081265981,0.1661053775122216,0.58132470448392,0.7871082199881727,0.3106388560934016,1
222,0.2943348005111458,0.2610754142712208,0.27876442540252916,0.018649284808980635,0.257082480353959,0.23694066627242266,0.11111111111111113,0
223,0.43489990061053535,0.21508285424416634,0.43196738304194593,0.022813688212927757,0.34557221158290957,0.31302976542479805,0.22668240850059032,0
224,0.6369918122012401,0.4081839702401082,0.6220026259415383,0.16896614158971568,0.4063263554117415,0.2057953873447665,0.08074248983339889,1
225,0.5603199394197549,0.4146094014203584,0.5522078640038698,0.2562375520550425,0.44792973651191975,0.28424995071949544,0.18431063885609344,1
226,0.6970987741966019,0.2549881636794048,0.6710662704719785,0.3967046894803548,0.43009971604041475,0.18628030751034894,0.06493506493506494,1
227,0.25883856311231007,0.22658099425092995,0.26991914864211175,0.10161144305630997,0.30594994386845403,0.3284052828700966,0.31719795356159,0
228,0.2351744048464196,0.17754480892796753,0.23108285536590423,0.09034944776389642,0.3838737370402166,0.3073132268874434,0.13682277318640954,0
229,0.32509820625680347,0.2536354413256679,0.3085481307442471,0.0387470577584646,0.2940632635541174,0.15750049280504635,0.11006165551620094,0
230,0.3885181504093899,0.11836320595197836,0.3721926611844379,0.024189751946405935,0.2735917585683154,0.18174650108417112,0.08277581004853733,0
231,0.4150220076671873,0.3564423402096719,0.4063990049063644,0.08538837588267245,0.5549098593409496,0.47861226098955256,0.33687524596615503,1
232,0.1930522031331346,0.17754480892796753,0.19141731739340745,0.017599130907115693,0.466420128111999,0.34220382416715955,0.2345533254624164,0
233,0.5319229495006862,0.3040243490023672,0.5287125976090111,0.2615245337678797,0.3752889123687513,0.28700965897890796,0.16286239013511739,1
234,0.5939230441573193,0.7696990192762934,0.581922465620897,0.2273040014484881,0.4598164168262564,0.22629607727183126,0.1353797717434081,1
235,0.6062284064555823,0.521136286777139,0.5985073595466797,0.13898243708129637,0.37198705672587995,0.34299231224127746,0.19421487603305787,1
236,0.38189218609494063,0.3165370307744335,0.3694976159214982,0.09940249864204237,0.35283629399722644,0.14133648728562978,0.0951069132887315,1
237,0.19683846845567707,0.14744673655732157,0.18968972427613845,0.11251131631359768,0.11536683616192295,0.19929036073329393,0.09930473566837207,0
238,0.28202943821288273,0.21846466012850863,0.272199571556907,0.012420785804816259,0.30396883048273127,0.34141533609304164,0.15282697100878923,0
239,0.2962279331724171,0.35238417314846116,0.2976988459677977,0.06137968495382945,0.3231195932113848,0.25231618371772124,0.45821854912764004,0
240,0.2872355530313787,0.30030436252959075,0.28539838297284226,0.07209849719355421,0.41689229346892953,0.3051448846836192,0.18450741178013902,0
241,0.32509820625680347,0.3344606019614474,0.31020662013682543,0.08343291689299293,0.26830878953972126,0.1868716735659374,0.09228650137741051,0
242,0.29906763216432397,0.4010821778829895,0.2864349388432036,0.05453557848995111,0.28283695436835504,0.21131480386359158,0.07569198478289389,0
243,0.271617208575891,0.13763949949272908,0.26252505010020044,0.025058844830707944,0.3871755926830879,0.15848610289769371,0.09300800209891122,0
244,0.23754082067300866,0.6263104497801826,0.22790408403012918,0.02886112619952924,0.3277421911114046,0.17386162034299235,0.17643972189426735,0
245,0.5967627431492262,0.5170781197159282,0.5798493538801741,0.1288792323012855,0.5390609522551674,0.14350482948945403,0.038501902138265764,1
246,0.6464574755075962,0.258369969563747,0.6289129984106144,0.18185768604019553,0.5615135706266923,0.22156514882712397,0.10173160173160174,1
247,0.3445028160348336,0.33615150490361845,0.3734365282288715,0.09100126742712294,0.1209799907548042,0.16420264143504837,0.34868162140889414,0
248,0.27587675706375125,0.11329049712546496,0.25913896759035315,0.06424044903132356,0.2973651191969887,0.04297260003942435,0.11904761904761908,0
249,0.47796866865445586,0.5897869462292863,0.4658282081404188,0.29607097591888465,0.5866076735125141,0.2848413167750838,0.23324150596877868,1
250,0.11472383927303703,0.40547852553263436,0.10925298873609285,0.11540829259460438,0.537740209998019,0.257638478218017,0.18365472910927458,0
251,0.18737280514932084,0.30030436252959075,0.1838159076774238,0.097084917617237,0.43009971604041475,0.13522570471121623,0.14613669159123704,0
252,0.07648255951535804,0.300642543118025,0.0711768364314837,0.08158609451385117,0.4195337779832265,0.31086142322097376,0.1713236258690804,0
253,0.05859245586634482,0.371660466689212,0.06551033100684128,0.029694006880318674,0.6064188073697419,0.3463433865562784,0.6136691591237047,0
254,0.1698613280325619,0.2911734866418667,0.15914587796282215,0.02545717906934636,0.17678135111932905,0.22353636901241866,0.08080808080808083,0
255,0.6403047943584648,0.612106865065945,0.6261488494229839,0.14937533948940793,0.3376477580400185,0.17189040015769763,0.18522891250163984,1
256,0.2943348005111458,0.20662833953331075,0.27834980305438456,0.02853521636791599,0.2749125008254639,0.21407451212300418,0.18896759805850713,0
257,0.2559988641204033,0.26276631721339194,0.25464722548545365,0.05406481984428752,0.4723634682691672,0.24719101123595508,0.37229437229437223,0
258,0.7709309479861801,0.41697666553939794,0.7484624421256305,0.2001448488140503,0.3409496136828898,0.39897496550364686,0.24157155975337788,1
259,0.5319229495006862,0.30977341900574906,0.5176560016584895,0.10595690747782002,0.4769860661691871,0.24581115710624882,0.17670208579299487,1
260,0.22381560887879223,0.23537368955021984,0.21373782046852324,0.12217997465145754,0.3693455722115829,0.02897693672383206,0.12062180243998423,0
261,0.5252969851862368,0.4102130537707135,0.5086725174486905,0.19000543183052687,0.11259327742191111,0.15848610289769371,0.06913288731470549,1
262,0.3340905863978418,0.21203922894825833,0.3178080298528091,0.10056128915444504,0.3191573664399392,0.228661541494185,0.11347238619965894,0
263,0.41076245917932697,0.4562056137977679,0.4589178356713427,0.427485062466051,0.5232120451693852,0.3374728957224522,0.3073593073593074,1
264,0.20062473377821954,0.8150152181264796,0.18658005666505428,0.040702516748144124,0.18998877369081424,0.26532623694066637,0.11826052735143643,0
265,0.234227838515784,0.3997294555292526,0.22624559463755095,0.07253304363570523,0.5205705606550881,0.17208752217622708,0.199199790108881,0
266,0.2096171139192579,0.03753804531619881,0.20420150646119828,0.01061017562918705,0.5522683748266526,0.2860240488862606,0.19801915256460711,0
267,0.271617208575891,0.26919174839364224,0.25699675212493955,0.0665942422596415,0.2352902331110084,0.11827321111768188,0.03417289780926144,0
268,0.1698613280325619,0.3554277984443692,0.18215741828484558,0.0,0.28481806775407775,0.2034299231224128,0.4260789715335169,0
269,0.2976477826683705,0.2472100101454176,0.28166678183954114,0.06561651276480174,0.37264742785445415,0.18549181943623105,0.13898727535091177,0
270,0.5219840030290124,0.3669259384511328,0.5155828899177666,0.23295310519645118,0.3944396750974047,0.33234772324068607,0.13911845730027547,1
271,0.11434521274078285,0.4048021643557659,0.11028954460645429,0.002571066449393436,0.24717691342534504,0.1598659570274,0.24281778827233375,0
272,0.3681669743007241,0.1701048359824146,0.3529818257204064,0.08375882672460619,0.3356666446542957,0.30435639660950137,0.17598058507149417,0
273,0.5688390363954754,0.3111261413594859,0.550134752263147,0.20934274850624657,0.2042527900680182,0.25152769564360344,0.06801784074511345,1
274,0.21434994557243597,0.4808927967534663,0.212355745974708,0.04609813507151911,0.3871755926830879,0.10782574413561999,0.21172766627312078,0
275,0.2649912442614416,0.29387893134934046,0.249049823785502,0.058084374434184315,0.21547909925378061,0.18529469741770158,0.06080283353010635,0
276,0.1356429551800842,0.2018938112952316,0.13274825513095154,0.05008147745790332,0.4670804992405732,0.18470333136211314,0.2430145611963794,0
277,0.12754981305314972,0.11599594183293879,0.14048787229631682,0.058989679521998906,0.8547183517136632,0.2529075497733097,0.5336481700118063,0
278,0.2545790146244498,0.29861345958741964,0.2433833183608597,0.0030418250950570436,0.31189328402562244,0.27951902227478814,0.11025842844024661,0
279,0.22002934355624976,0.6621575921542102,0.2147743763388847,0.07314865109541915,0.45849567456910784,0.2600039424403706,0.11255411255411256,0
280,0.5172511713758342,0.38248224551910714,0.5570451247322231,0.10555857323918161,0.7668889916132866,0.33116499112950926,0.42476715203987936,1
281,0.4131288750059161,0.14271220831924242,0.4022527814249188,0.07249683143219263,0.3376477580400185,0.22826729745712598,0.10278105732651184,0
282,0.37006010696199537,0.2688535678052079,0.35996130191417314,0.0394350896252037,0.3396288714257413,0.401143307707471,0.11681752590843499,0
283,0.2929149510151924,0.4091985120054108,0.2876788058876374,0.02980264349085643,0.5225516740408108,0.4194756554307117,0.2698412698412699,1
284,0.3781059207723982,0.244842746026378,0.36231082855365904,0.05786710121310882,0.33302516013999867,0.16538537354622515,0.06060606060606061,0
285,0.3691135406313597,0.4812309773419005,0.37046506806716883,0.08915444504798117,0.6183054876840784,0.34614626453774894,0.22346845074117797,1
286,0.4382128827677599,0.3063916131214068,0.44924331421463615,0.06366105377512221,0.43142045829756326,0.23753203232801112,0.33621933621933625,1
287,0.5432817454683138,0.29793709841055116,0.5342408955842719,0.21300018106101754,0.4532127055405138,0.41986989946777065,0.20169224714679262,1
288,0.20441099910076205,0.28677713899222185,0.20827862621795318,0.04754662321202245,0.4195337779832265,0.34358367829686576,0.4897022169749443,0
289,0.5361824979885466,0.2999661819411565,0.5169649644115817,0.05294224153539742,0.3449118404543353,0.3234772324068599,0.09405745769382132,1
290,0.37573950494580904,0.17653026716266484,0.36390021422154656,0.04819844287524896,0.23330911972528556,0.22136802680859452,0.18162140889413617,0
291,0.18547967248804964,0.10990869124112271,0.17206827447999443,0.0616693825819301,0.303308459354157,0.231224127735068,0.14305391578118853,0
292,0.5768848502058783,0.5103145079472438,0.6123281044848318,0.3056309976462067,0.21481872812520636,0.3175635718509758,0.30998294634658274,1
293,0.46187704103365035,0.4017585390598579,0.45822679842443503,0.12674271229404308,0.5621739417552665,0.6501084171101913,0.20523415977961434,1
294,0.3937242652278859,0.5262089956036523,0.40501693041254927,0.11859496650371174,0.6136828897840586,0.4853144096195545,0.28676374130919585,1
295,0.2526858819631786,0.09063239770037199,0.24227765876580742,0.045084193373166756,0.4446278808690485,0.24876798738419087,0.08310376492194678,0
296,0.2105636802498935,0.25701724721001007,0.20641282565130256,0.0625746876697447,0.46311827246912773,0.20086733688152975,0.17001180637544278,0
297,0.22239575938283876,0.21846466012850863,0.21905880726971177,0.09407930472569256,0.537740209998019,0.24423418095801303,0.16528925619834714,0
298,0.19778503478631265,0.3956712884680419,0.18768571626010644,0.06337135614702152,0.3766096546258998,0.27813916814508177,0.10619178800996984,0
299,0.3572814614984145,0.32566790666215756,0.3486973947895791,0.051421328987868914,0.2491580268110678,0.1785925487876996,0.12849271940181034,0
300,0.311372994462587,0.14169766655393978,0.3095846866146086,0.05265254390729676,0.43868454071188007,0.29568302779420463,0.1753246753246753,0
301,0.20630413176203324,0.3009807237064592,0.20019349042913415,0.04761904761904762,0.5093442514693257,0.29469741770155733,0.08389085661812935,0
302,0.6284727152255196,0.45045654379438615,0.6123281044848318,0.23396704689480352,0.3158555107970679,0.41868716735659384,0.18785255148891516,1
303,0.3151592597851295,0.2242137301318904,0.3000483726072835,0.0274126380590259,0.2491580268110678,0.1539522964715159,0.165354847173029,0
304,0.3151592597851295,0.1991883665877578,0.30122313592702643,0.0770233568712656,0.3739681701116027,0.19022274788093835,0.06598452052997511,0
305,0.36012116049032133,0.4386202231991883,0.36348559187340196,0.04124569980083287,0.2075546457108895,0.13660555884092254,0.16397743670470943,0
306,0.4150220076671873,0.32160973960094685,0.4374956810172068,0.14807170016295487,0.5535891170838011,0.528287009658979,0.3276925095106913,1
307,0.12717118652089543,0.28373351369631383,0.11934213254094395,0.0833242802824552,0.44660899425477124,0.294106051645969,0.15551620097074642,0
308,0.28534242037010743,0.42306391613121397,0.2641144357680879,0.022306717363751588,0.0665654097602853,0.14389907352651293,0.022235340417158606,0
309,0.43868616593307774,0.3314169766655394,0.45615368668371226,0.07358319753757014,0.43934491184045427,0.3455548984821605,0.23822642004460184,1
310,0.18784608831463862,0.39364220493743657,0.19425057010572871,0.04530146659424226,0.79066235224196,0.2757737039227282,0.26905417814508725,1
311,0.07525202328553177,0.11464321947920184,0.07421740031787716,0.005504254933912739,0.6136828897840586,0.27951902227478814,0.32703659976387245,0
312,0.40129679587297085,0.4815691579303347,0.4146914518692557,0.08024624298388558,0.6737766624843161,0.28543268283067225,0.33884297520661155,1
313,0.1370154763595059,0.2556645248562732,0.13219542533342546,0.03700887198986058,0.4644390147262761,0.28070175438596495,0.123048668503214,0
314,0.40271664536892426,0.3469732837335136,0.40501693041254927,0.19391634980988592,0.640097734927029,0.31973191405479995,0.3073593073593074,1
315,0.5877703630081877,0.2864389584037876,0.5763941676456361,0.13014665942422593,0.5324572409694248,0.39917208752217626,0.14974419519874063,1
316,0.0897818164607885,0.19546838011498135,0.08948932347453528,0.15448126018468222,0.20029056329657272,0.17129903410210923,0.12639380821199003,0
317,0.2754034738984335,0.2620899560365235,0.27130122313592697,0.09139960166576136,0.1596117017763983,0.08338261383796572,0.10160041978223794,0
318,0.5901367788347769,0.32532972607372324,0.5715569069172829,0.1754119138149556,0.5185894472693654,0.35757934161245813,0.22602649875377145,1
319,0.24795305031000053,0.3493405478525532,0.24656208969663462,0.025203693644758288,0.45585419005481076,0.22550758919771338,0.21874590056408236,0
320,0.6298925647214728,0.15657761244504562,0.6309861101513371,0.23382219808075316,0.4373637984547315,0.15750049280504635,0.14259477895841532,1
321,0.594869610487955,0.6445722015556307,0.620620551447723,0.2647474198804997,0.3759492834973254,0.24699388921742563,0.29817657090384364,1
322,0.1883193714799565,0.26750084545147107,0.18658005666505428,0.014195183776932824,0.4730238393977416,0.1427163414153361,0.18194936376754564,0
323,0.3747929386151735,0.433547514372675,0.4029438186718264,0.051240267970305994,0.4670804992405732,0.25645574610684024,0.39656303292666933,1
324,0.313739410289176,0.5164017585390599,0.3058530854813074,0.12493210211841389,0.36538334544013734,0.21407451212300418,0.12416371507280595,1
325,0.16370864688343034,0.19445383834967872,0.157763803469007,0.028897338403041817,0.41557155121178097,0.2069781194559433,0.18135904499540864,0
326,0.27918973922097595,0.2877916807575244,0.2809757445926336,0.11989860583016475,0.4915142309978208,0.20047309284447073,0.22228781319690408,0
327,0.4940602962752616,0.5360162326682447,0.48863243728836986,0.15140322288611258,0.3508551806115036,0.0074906367041198685,0.0861865407319953,1
328,0.11619101708552226,0.2911734866418667,0.11077327067928958,0.14354517472388195,0.410288582183187,0.17524147447269864,0.1726354453627181,0
329,0.30522031331345545,0.33547514372675,0.2905811623246493,0.12971211298207494,0.45519381892623656,0.2600039424403706,0.122458349731077,1
330,0.21860949406029628,0.10585052417991203,0.21111187893027436,0.043454644215100494,0.47500495278346433,0.23792627636507002,0.21330184966548602,0
331,0.28250272137820054,0.2133919513019952,0.27192315665814387,0.035451747238819484,0.5093442514693257,0.3577764636309877,0.2676111767020858,0
332,0.3255714894221213,0.2441663848495096,0.3259622693663188,0.052435270686221246,0.4941557155121178,0.407056968263355,0.33359569723206084,1
333,0.07652988783188985,0.3811295231653703,0.07511574873885696,0.08933550606554408,0.6123621475269101,0.277350680070964,0.14482487209759934,0
334,0.4334800511145819,0.17416300304362525,0.41814663810379377,0.04606192286800652,0.32642144885425606,0.23910900847624683,0.09891118982028074,0
335,0.2929149510151924,0.30267162664863034,0.29154861447032,0.06358862936809706,0.7094367034273262,0.4602799132663119,0.4123048668503214,1
336,0.4751289696625491,0.4825836996956374,0.4768848040909405,0.1772225239905848,0.6090602918840388,0.38734476641040805,0.19532992260264992,1
337,0.403189928534242,0.3845113290497124,0.40847211664708727,0.45573058120586624,0.5317968698408506,0.2834614626453775,0.32638069001705367,1
338,0.3127928439585404,0.4102130537707135,0.2997028539838297,0.08202064095600217,0.19368685201083014,0.1736644983244629,0.09969828151646332,0
339,0.23896067016896205,0.27798444369293196,0.2232050307511575,0.044178888285352165,0.19896982103942415,0.11945594322885866,0.10055096418732784,0
340,0.2484263334753183,0.33310787960771043,0.24013544330039394,0.08759732029694006,0.47368421052631576,0.21742558643800514,0.17512790240062964,0
341,0.5428084623029958,0.4125803178897531,0.5280215603621036,0.1754119138149556,0.49745757115498906,0.30435639660950137,0.13813459268004724,1
342,0.5503809929480807,0.3564423402096719,0.541151268053348,0.26847727684229583,0.41359043782605825,0.15296668637886857,0.1257378984651712,1
343,0.21340337924180042,0.1650321271559012,0.20869324856609767,0.03327901502806446,0.4228356336260978,0.27123989749655036,0.24111242293060478,0
344,0.47654881915850256,0.31687521136286767,0.4810310275723862,0.0667753032772044,0.6546258997556628,0.30435639660950137,0.23330709694346055,1
345,0.6308391310521084,0.5867433209333783,0.6157832907193699,0.10363932645301466,0.5350987254837218,0.31263552138773903,0.16364948183130004,1
346,0.3161058261157651,0.18397024010821775,0.30737336742450416,0.010392902408111554,0.37198705672587995,0.3591563177606939,0.27115308933490745,0
347,0.20251786643949074,0.34663510314507945,0.20682744799944713,0.13583197537570157,0.20887538796803803,0.27399960575596294,0.09871441689623509,0
348,0.27067064224525533,0.08319242475481906,0.2563057148780319,0.04120948759732029,0.39774153074027596,0.23851764242065848,0.2597402597402597,0
349,0.5967627431492262,0.28542441663848483,0.6005804712874023,0.22629005975013577,0.47962755068348417,0.4096195545042382,0.2439328348419258,1
350,0.08296653888021205,0.24112275955360157,0.07933107594499345,0.14680427304001448,0.4941557155121178,0.1734673763059334,0.2204512659058114,0
351,0.5361824979885466,0.36760229962800123,0.5321677838435491,0.15694369002353792,0.5152875916264941,0.2974571259609699,0.15472910927456385,1
352,0.37715935444176246,0.26580994250929996,0.36666436320917695,0.42893355060655436,0.46179753021197917,0.36447861226098954,0.10776597140233507,1
353,0.3440295328695158,0.42069665201217443,0.36369290304747426,0.21441245699800832,0.6130225186554844,0.25211906169919185,0.381477108749836,1
354,0.27398362440248003,0.4315184308420696,0.26211042775205584,0.04533767879775484,0.4670804992405732,0.24916223142124977,0.16810966810966815,1
355,0.38425860192152966,0.22590463307406153,0.3855296800497547,0.11566177801919245,0.4452882519976227,0.20205006899270653,0.14921946740128558,0
356,0.27398362440248003,0.6668921203922894,0.25955358993849764,0.04685859134528336,0.3449118404543353,0.16597673960181353,0.06427915518824606,0
357,0.2848691372047896,0.40953669259384506,0.30205238062331563,0.07054137244251313,0.6546258997556628,0.5545042381233984,0.34212252394070575,1
358,0.3374035685550665,0.10720324653364896,0.3195356229700781,0.05272496831432192,0.3759492834973254,0.10546027991326634,0.10356814902269451,0
359,0.22381560887879223,0.19411565776124445,0.21588003593393684,0.0844106463878327,0.4941557155121178,0.23654642223536376,0.1509904237176965,0
360,0.2697240759146197,0.4778491714575583,0.2688134890470596,0.11370631902951292,0.7523608267846529,0.35836782968657604,0.3152302243211334,1
361,0.5939230441573193,0.31078796077105164,0.592288024324511,0.3619409741082744,0.5172687050122169,0.2765621919968461,0.29024006296733573,1
362,0.31941880827298974,0.4362529590801487,0.3442056526846797,0.03642947673365925,0.6202866010698013,0.40035481963335307,0.5775941230486685,1
363,0.5063656585735246,0.37301318904294883,0.5086725174486905,0.253413000181061,0.466420128111999,0.17701557263946383,0.1465302374393284,1
364,0.30569359647877326,0.40142035847142366,0.2929306889641352,0.04598949846098135,0.2524598824539391,0.2816873644786123,0.10770038042765313,1
365,0.19399876946377018,0.3084206966520121,0.20392509156243518,0.03617599130907116,0.9722644125998813,0.5103489059727973,0.559228650137741,1
366,0.22381560887879223,0.2529590801487995,0.21346140556976023,0.048379503892811884,0.40368487089744437,0.19850187265917602,0.10448642266824089,0
367,0.25931184627762793,0.10551234359147782,0.24213945131642595,0.07825457179069346,0.15333817605494288,0.1409422432485709,0.09996064541519084,0
368,0.2323347058545128,0.29218802840716945,0.23170478888812102,0.06692015209125476,0.4578353034405337,0.3611275379459886,0.1876557785648695,0
369,0.2503194661365895,0.2776462631044978,0.23923709487941397,0.080644577222524,0.34887406722578085,0.3725606150206978,0.09130263675718217,0
370,0.32509820625680347,0.1849847818735204,0.3123488356022389,0.04939344559116422,0.31255365515419664,0.27399960575596294,0.09235209235209237,0
371,0.2347011216811018,0.2884680419343929,0.22057908921290853,0.04193373166757197,0.28547843888265206,0.24048886260595317,0.12488521579430667,0
372,0.20251786643949074,0.3422387554954345,0.19010434662428302,0.00829259460438167,0.2617050782539787,0.195545042381234,0.1383313656040929,0
373,0.5579535235931659,0.3963476496449103,0.546679566028609,0.19217816404128188,0.5192498183979396,0.4167159471712991,0.28637019546110454,1
374,0.7680912489942733,0.5836996956374703,0.7581369635823372,0.3427485062466051,0.5080235092121773,0.30317366449832456,0.2081201626656172,1
375,0.47465568649723133,0.3567805207981062,0.45546264943680465,0.17175448126018467,0.26368619163970153,0.33707865168539336,0.06329529056801783,1
376,1.0,0.29624619546838005,1.0,0.9999999999999999,0.2841576966255035,0.01636112753794597,0.0013774104683195731,1
377,0.32131194093426096,0.12039228948258365,0.30592218920599823,0.03896433097954011,0.3026480882255828,0.24797949931007296,0.08461235733963007,0
378,0.22286904254815654,0.4981400067636118,0.2251399350424988,0.06670287887017926,0.6975500231129896,0.24403705893948358,0.29292929292929293,0
379,0.2138766624071182,0.2955698342915116,0.20378688411305368,0.10182871627738546,0.31123291289704813,0.23161837177212702,0.06447592811229172,0
380,0.3345638695631597,0.5897869462292863,0.32886462580333076,0.09161687488683685,0.34953443835435516,0.1350285826926868,0.18476977567886663,0
381,0.9673434615930712,0.5600270544470747,0.9889434040494782,0.8819482165489768,0.42613748926896905,0.2121032919377095,0.1261314443132625,1
382,0.3028538974868664,0.7105174163003043,0.29403634855918737,0.08303458265435451,0.30396883048273127,0.12438399369209538,0.14239800603436967,0
383,0.4552510767192012,0.6212377409536691,0.4457881279800981,0.1248958899149013,0.28217658323978073,0.12872067809974377,0.15190869736324286,1
384,0.16607506271001943,0.3009807237064592,0.15942229286158524,0.013398515299655966,0.46311827246912773,0.1277350680070964,0.15335169880624427,0
385,0.22144919305220315,0.24890091308758874,0.20668924055006566,0.08759732029694006,0.18761143762794688,0.22984427360536178,0.0866456775547685,0
386,0.17648729234701124,0.3611768684477511,0.1776656761799461,0.07543001991671192,0.4116093244403355,0.20500689927064858,0.20969434605798246,0
387,0.31799895877703627,0.26817720662833955,0.3038490774652754,0.0476552598225602,0.3217988509542363,0.18785728365858473,0.09550045913682274,0
388,0.23706753750769088,0.5133581332431518,0.23370879690415314,0.05460800289697627,0.3957604173545532,0.20382416715947177,0.18017840745113473,0
389,0.49973969425907516,0.3249915454852891,0.49277866076981547,0.10342205323193916,0.44198639635475134,0.2686773112556673,0.1549914731732914,1
390,0.5778314165365138,0.21068650659452143,0.5701748324234677,0.32174542820930646,0.27227101631116685,0.17307313226887444,0.04899645808736716,1
391,0.2981210658336883,0.3574568819749746,0.30080851357888183,0.0937533948940793,0.5403816945123159,0.4285432682830673,0.31260658533385804,1
392,0.1523498509158029,0.26276631721339194,0.1469145186925575,0.08879232301285533,0.15914944198639627,0.25684999014389914,0.15118719664174213,0
393,0.234227838515784,0.040581670612106824,0.22355054937461127,0.05095057034220531,0.4373637984547315,0.17642420658387542,0.11530893349075169,0
394,0.34260968337356246,0.4535001690902942,0.3495266394858683,0.06319029512945862,0.5423628078980387,0.7098363887246206,0.5874327692509511,1
395,0.34166311704292673,0.3659113966858302,0.3359823094464791,0.08556943690023538,0.29142177903982036,0.19101123595505626,0.15440115440115437,0
396,0.2872355530313787,0.13966858302333443,0.26895169649644113,0.10356690204598949,0.2009509344251469,0.1068401340429726,0.07057588875770693,0
397,0.40460977803019543,0.8065607034156239,0.41400041462234816,0.047220713380409195,0.7734927028990293,0.3837965700768777,0.4287026105207923,1
398,0.29007525202328555,0.19783564423402095,0.3000483726072835,0.10114068441064637,0.75962490919897,0.3118470333136211,0.5605404696313788,1
399,0.594869610487955,0.4565437943862022,0.5881418008430654,0.18077131993481801,0.35613814964009766,0.19929036073329393,0.1376098648825922,1
400,0.6431444933503715,0.2725735542779844,0.6157832907193699,0.15643671917436172,0.34755332496863234,0.23358959195742174,0.22287813196904108,1
401,0.24085380283023333,0.12614135948596544,0.23522907884734984,0.05062466051059207,0.5344383543551476,0.2397003745318353,0.1671258034894398,0
402,0.2115102465805291,0.380791342576936,0.207449381521664,0.07734926670287887,0.5582117149838209,0.23595505617977533,0.21953299226026501,0
403,0.3852051682521652,0.235711870138654,0.3800013820744938,0.057794676806083654,0.5146272204979199,0.36467573427951916,0.27784336875245963,1
404,0.433006767949264,0.27629354075076085,0.4368046437702992,0.08057215281549883,0.4849105197120782,0.5332150601222158,0.4477239931785387,1
405,0.4410525817596669,0.20257017247210002,0.42091078709142427,0.03447401774397972,0.42415637588324634,0.1448846836191603,0.11321002230093141,0
406,0.18074684083487155,0.41494758200879267,0.17275931172690212,0.0710483432916893,0.3904774483259592,0.27597082594125766,0.14154532336350514,0
407,0.26688437692271283,0.25160635779506246,0.2545090180360722,0.02089444142676082,0.33896850029716696,0.336093041592746,0.11976911976911979,0
408,0.6256330162336126,0.5789651673993912,0.6213115886946305,0.31309071156979895,0.3739681701116027,0.33629016361127545,0.13957759412304865,1
409,0.3970372473851105,0.44132566790666217,0.3898141109805819,0.07293137787434364,0.36010037641154335,0.19534792036270454,0.08684245047881407,1
410,0.7822897439538077,0.49239093676022994,0.7691935595328588,0.32500452652543904,0.530476127583702,0.20264143504829488,0.1465302374393284,1
411,0.15518954990770978,0.16909029421711194,0.15486144703199503,0.08202064095600217,0.428118602654692,0.17129903410210923,0.19572346845074115,0
412,0.2574187136163567,0.18025025363544125,0.2406191693732292,0.0013760637334782055,0.21481872812520636,0.26335501675537165,0.08389085661812935,0
413,0.4197548393203654,0.4815691579303347,0.41400041462234816,0.10566720984971935,0.27689361421118674,0.24521979105066036,0.051357733175914966,1
414,0.26073169577358135,0.24146094014203584,0.24462718540529332,0.02176353431106283,0.2590635937396817,0.06938695052237337,0.04394595303686216,0
415,0.32651805575275694,0.21812647954007436,0.30806440467141183,0.05163860220894441,0.09027273327610114,0.1925882121032919,0.07339630066902791,0
416,0.1306734819442473,0.20155563070679738,0.1223826964273374,0.0568169473112439,0.49877831341213763,0.25152769564360344,0.1751934933753116,0
417,0.18074684083487155,0.0,0.17262110427752053,0.022198080753213834,0.4783068084263356,0.10348905972797162,0.1439721894267349,0
418,0.6597094041364949,0.5201217450118363,0.6855780526570383,0.3080572152815498,0.45915604569768204,0.26887443327419674,0.28656696838515017,1
419,0.41407544133655166,0.053094352384173094,0.40778107940017966,0.018649284808980635,0.5476457769266327,0.195545042381234,0.17558703922340282,0
420,0.27918973922097595,0.649644910382144,0.2675005182779352,0.03624841571609634,0.34028924255431553,0.1590774689532821,0.11399711399711399,0
421,0.1082398599081831,0.1068650659452147,0.12231359270264666,0.10722433460076045,0.7860397543419402,0.290360733293909,0.46018627836809656,0
422,0.32036537460362535,0.4754819073385187,0.30923916799115475,0.11703784175267062,0.14864954104206557,0.21643997634535778,0.05358782631509906,0
423,0.251739315632543,0.20933378424078453,0.24213945131642595,0.0458808618504436,0.25378062471108764,0.1807608909915238,0.05260396169487078,0
424,0.27682332339438687,0.20358471423740276,0.2701955635408749,0.013905486148832163,0.4056659842831671,0.2840528287009659,0.15072805981896895,0
425,0.22523545837474562,0.16841393304024344,0.22472531269435422,0.029295672641680245,0.23859208875387972,0.20480977725211913,0.28696051423324154,0
426,0.2872355530313787,0.3246533648968548,0.2682606592495336,0.10592069527430745,0.2042527900680182,0.1722846441947566,0.051488915125278784,0
427,0.184533106157414,0.19986472776462624,0.1839541151268053,0.01328987868911824,0.4096282110546128,0.20027597082594129,0.34736980191525646,0
428,0.6033887074636755,0.34190057490700027,0.6005804712874023,0.2370450841933731,0.6592484976556826,0.23339246993889218,0.4897022169749443,1
429,0.11940934260968336,0.09232330064254307,0.11436666436320919,0.06003983342386384,0.40434524202601857,0.17445298639858073,0.14882592155319424,0
430,0.2157697950683894,0.03415623943185653,0.20689655172413796,0.007133804091979001,0.2511391401967906,0.3597476838162824,0.12659058113603572,0
431,0.13128875005916046,0.6252959080148799,0.12362656347177112,0.02411732753938077,0.2630258205111273,0.14902424600827913,0.11196379378197556,0
432,0.22570874154006343,0.3540750760906323,0.2232741344758482,0.14133623030961434,0.4267978603975434,0.31598659570274007,0.16286239013511739,0
433,0.20583084859671544,0.1504903618532296,0.19349042913413037,0.045627376425855515,0.36142111866869187,0.23516656810565742,0.05785123966942149,0
434,0.27398362440248003,0.3956712884680419,0.2641835394927786,0.22437081296396882,0.1499702832992142,0.12103291937709448,0.08966286239013509,0
435,0.36059444365563914,0.459249239093676,0.3467624904982378,0.11015752308527973,0.3964207884831276,0.17977528089887646,0.08736717827626922,1
436,0.37905248710303374,0.41934392965843753,0.3713634164881487,0.07499547347456093,0.24123357326817674,0.31500098561009277,0.24576938213301847,0
437,0.5144114723839274,0.11903956712884678,0.4893234745352774,0.1346731848632989,0.18127187479363402,0.04297260003942435,0.02407188770825136,0
438,0.6010222916370864,0.4048021643557659,0.5950521733121417,0.18508057215281548,0.33434590239714723,0.4888626059530851,0.15833661288206743,1
439,0.3085332954706801,0.10145417653026717,0.28954460645428787,0.040883577765707044,0.12586673710625373,0.13837965700768778,0.04512659058113605,0
440,0.24653320081404703,0.1210686506594521,0.24386704443369495,0.032228861126199534,0.4723634682691672,0.37532032328011045,0.24511347238619968,0
441,0.3520753466799186,0.34020967196482915,0.3502867804574667,0.06445772225239906,0.47500495278346433,0.22728168736447862,0.25245966155057065,1
442,0.6810071465757963,0.18227933716604663,0.6738304194596091,0.08325185587543,0.3171762530542165,0.22964715158683233,0.2073986619441165,1
443,0.569785602726111,0.5032127155901251,0.5404602308064405,0.15860945138511676,0.3548174073829492,0.47131874630396225,0.24819624819624822,1
444,0.2848691372047896,0.5214744673655731,0.2682606592495336,0.05453557848995111,0.33434590239714723,0.1460674157303371,0.05162009707464249,0
445,0.428273936296086,0.1961447412918498,0.4285121968074079,0.08169473112438892,0.47764643729776124,0.28661541494184906,0.23743932834841927,1
446,0.34118983387760893,0.47683462969225554,0.33916108078225415,0.11196813326090892,0.5595324572409694,0.6227084565345951,0.3119506755870392,1
447,0.291495101519239,0.37301318904294883,0.29154861447032,0.07376425855513308,0.4221752624975236,0.1967277744924108,0.17512790240062964,0
448,0.5527474087746699,0.2505918160297599,0.5363140073249948,0.21774397972116596,0.5225516740408108,0.26197516262566534,0.19362455726092087,1
449,0.28865540252733213,0.2029083530605343,0.28912998410614327,0.02668839398877422,0.3964207884831276,0.3191405479992116,0.17571822117276664,0
450,0.09025509962610631,0.16672303009807235,0.10365558703614122,0.15017200796668476,0.32708181998283037,0.13581707076680466,0.3499934409025318,0
451,0.22050262672156756,0.29151166723030086,0.2168474880796075,0.07043273583197537,0.6447203328270489,0.24462842499507204,0.23566837203200836,0
452,0.34592266553078704,0.24044639837673315,0.3214014235367286,0.006771682056853162,0.09575381364326746,0.1760299625468165,0.040404040404040414,0
453,0.331250887405935,0.33513696313831587,0.32706792896137105,0.03957993843925403,0.5951924981839793,0.31815493790656424,0.3309720582447855,1
454,0.24605991764872923,0.36557321609739596,0.23101375164121346,0.029295672641680245,0.2716106451825926,0.22255075891977133,0.09012199921290827,0
455,0.25978512944294574,0.300642543118025,0.25775689309653793,0.10305993119681332,0.47170309714059305,0.2856298048492017,0.2129083038173947,0
456,0.5659993374035686,0.3922894825836996,0.5515168267569621,0.2452652543907296,0.31783662418279074,0.19436231027005718,0.0711662075298439,1
457,0.40129679587297085,0.3304024349002367,0.400179669684196,0.13137787434365378,0.550947632569504,0.2507392075694856,0.1649613013249377,1
458,0.2564721472857211,0.2695299289820764,0.26038283463478684,0.0236103566902046,0.4875520042263752,0.19534792036270454,0.252853207398662,0
459,0.2157697950683894,0.15995941832938784,0.21325409439568796,0.060438167662502255,0.4182130357260781,0.1506012221565149,0.1725042634133543,0
460,0.644564342846325,0.6635103145079471,0.6655379724967174,0.22252399058482702,0.619626229941227,0.49714173073132273,0.4523153614062705,1
461,0.7112972691561362,0.4122421373013188,0.7146016170271576,0.3246424044903132,0.3845341081687908,0.23181549379065647,0.20136429227338315,1
462,0.5011595437550287,0.18058843422387555,0.4920876235229079,0.1770052507695093,0.3587796341543948,0.23477232406859852,0.1584022038567493,1
463,0.30096076482559514,0.20798106188704762,0.2950729044295487,0.06319029512945862,0.5443439212837614,0.3867534003548197,0.3053915781188508,0
464,0.32746462208339255,0.2336827866080487,0.31221062815285744,0.01593336954553684,0.14970613484778444,0.2195939286418294,0.14390659845205306,0
465,0.29480808367646366,0.5255326344267839,0.27855711422845686,0.035089625203693645,0.38123225252591947,0.17327025428740395,0.08421881149153873,0
466,0.46377017369492174,0.30740615488670947,0.4526985004491742,0.1765344921238457,0.30132734596843425,0.24541691306918992,0.11307884035156761,1
467,0.3781059207723982,0.339871491376395,0.3573353603759242,0.026253847546623216,0.22010169715380037,0.21308890203035685,0.03810835629017448,0
468,0.43915944909839566,0.4115657761244504,0.44025983000483726,0.16625022632627193,0.47170309714059305,0.2308298836980091,0.1606322969959334,1
469,0.2536324482938142,0.08657423063916125,0.2428995922880243,0.0018468223791417715,0.3832133659116424,0.3045535186280308,0.13695395513577333,0
470,0.5735718680486536,0.5607034156239431,0.5895238753368806,0.14756472931377873,0.44925047876906815,0.14705302582298443,0.24262101534828806,1
471,0.3705333901273132,0.16875211362867765,0.35153064750190033,0.03863842114792686,0.28217658323978073,0.15158683224916225,0.041847041847041855,0
472,0.15045671825453175,0.3341224213730131,0.1447031995024532,0.048017381857686045,0.36538334544013734,0.13739404691504048,0.08120162665617207,0
473,0.0,0.12580317889753126,0.0,0.04077494115516929,0.576041735455326,0.2694657993297852,0.25436179981634527,0
474,0.642197927019736,0.37707135610415954,0.6496441158178426,0.2126018468223791,0.3673644588258601,0.29804849201655825,0.13544536271808996,1
475,0.32273179043021444,0.20561379776800803,0.3222997719577086,0.060546804273040024,0.46179753021197917,0.20185294697417708,0.3145743145743145,1
476,0.24227365232618675,0.27088265133581324,0.23688756823992807,0.06250226326271954,0.47566532391203853,0.29252907549773316,0.1034369670733307,0
477,0.6923659425434237,0.4250929996618194,0.6952525741137447,0.1856599674090168,0.5218913029122367,0.4460871279321901,0.29948839039748126,1
478,0.14430403710540016,0.391274940818397,0.13406122590007602,0.02665218178526163,0.2735917585683154,0.1545436625271043,0.1677161222615768,0
479,0.21860949406029628,0.4998309097057828,0.210351737958676,0.05058844830707948,0.16033811001782997,0.3309678691109798,0.08139839958021773,0
480,0.3099531449666335,0.041596212377409514,0.3048856333356368,0.10812963968857504,0.48821237535494955,0.22570471121624291,0.11065197428833794,0
481,0.2981210658336883,0.13561041596212375,0.29023564370119553,0.026000362122035117,0.30000660371128574,0.2308298836980091,0.11911321002230094,0
482,0.15660939940366317,0.6053432532972607,0.1511989496233847,0.03925402860764078,0.4439675097404741,0.13029765424797948,0.182277318640955,0
483,0.2735103412371622,0.30875887724044637,0.2631469836224173,0.03976099945681694,0.3871755926830879,0.23240685984624482,0.11373475009838646,0
484,0.48364806663826965,0.5008454514710855,0.486559325547647,0.17352887923230126,0.5767021065839002,0.3445692883895131,0.5172504263413353,1
485,0.19636518529035926,0.430503889076767,0.19141731739340745,0.06101756291870361,0.2478372845539193,0.3161837177212695,0.16581398399580222,0
486,0.24038051966491555,0.10246871829556983,0.22838781010296458,0.025602027883396702,0.37198705672587995,0.18706879558446682,0.15702479338842973,0
487,0.1306734819442473,0.3182279337166047,0.12535415658904012,0.21184139054861484,0.4532127055405138,0.32150601222156516,0.16430539157811883,0
488,0.3170523924464007,0.22387554954345612,0.3038490774652754,0.033749773673728056,0.3647229743115632,0.24462842499507204,0.14941624032533124,0
489,0.1514032845851673,0.26445722015556306,0.1473982447653929,0.04895889914901322,0.45849567456910784,0.2937118076089099,0.2159910796274433,0
490,0.21482322873775378,0.30571525194453836,0.20420150646119828,0.07727684229585371,0.3548174073829492,0.34318943425980686,0.10048537321264599,0
491,0.4278006531307681,0.45755833615150476,0.40709004215327205,0.09704870541372443,0.3099121706398996,0.2726197516262567,0.19336219336219335,1
492,0.22523545837474562,0.14575583361515043,0.21042084168336667,0.16309976462067713,0.21415835699663208,0.30277942046126555,0.07765971402335037,0
493,0.5333427989966397,0.34731146432194787,0.5238753368806578,0.12138330617418067,0.4822690351977811,0.29528878375714573,0.18785255148891516,1
494,0.36154100998627475,0.48393642204937426,0.35090871397968343,0.09436900235379322,0.26632767615399855,0.18864577173270253,0.11425947789584152,0
495,0.16607506271001943,0.3239770037199864,0.16322299771957705,0.0881767155531414,0.33500627352572143,0.24857086536566142,0.134330316148498,0
496,0.38331203559089405,0.5421034832600607,0.37461129154861444,0.19623393083469126,0.6262299412269696,0.21466587817859262,0.2580348943985308,1
497,0.2190827772256141,0.2133919513019952,0.2188514960956395,0.048560564910374804,0.4644390147262761,0.24088310664301207,0.1261314443132625,0
498,0.22996829002792368,0.31214068312478865,0.21919701471909336,0.040086909288430214,0.3752889123687513,0.19120835797358568,0.16325593598320873,0
499,0.2323347058545128,0.2587081501521812,0.22396517172275587,0.19181604200615604,0.4274582315261176,0.1291149221368027,0.03469762560671652,0
500,0.20630413176203324,0.39059857964152855,0.19825858613779285,0.044504798116965415,0.6519844152413656,0.24916223142124977,0.21828676374130915,0
501,0.10951772445454117,0.14169766655393978,0.11174072282496028,0.0877421691109904,0.7517004556560788,0.417110191208358,0.22812540994359173,0
502,0.11557574897060913,0.6144741291849847,0.106903462096607,0.15426398696360671,0.23859208875387972,0.1793810368618175,0.09609077790895976,0
503,0.22192247621752095,0.3486641866756847,0.21712390297837048,0.03447401774397972,0.5535891170838011,0.3234772324068599,0.22602649875377145,0
504,0.27966302238629376,0.20257017247210002,0.2784189067790754,0.06510954191562557,0.18549825001650927,0.08555095604178989,0.10645415190869736,0
505,0.48317478347295195,0.4179912073047007,0.46859235712804914,0.11182328444685857,0.5588720861123951,0.3254484525921546,0.1355109536927719,1
506,0.5513275592787165,0.5207981061887047,0.5598092737198535,0.2604381676625022,0.5146272204979199,0.3703922728168737,0.2805981896890988,1
507,0.29007525202328555,0.4338856949611092,0.29873540183815905,0.02954915806626833,0.420854520240375,0.505223733491031,0.3447461629279811,0
508,0.3293577547446637,0.11701048359824143,0.3214705272614194,0.15737823646568894,0.4505712210262167,0.1172876010250345,0.1147186147186147,0
509,0.2328079890198306,0.16706121068650656,0.23716398313869116,0.10309614340032591,0.4703823548834445,0.22905578553124387,0.3185097730552276,0
510,0.2929149510151924,0.2877916807575244,0.2798009812728906,0.032880680789426034,0.3766096546258998,0.13207175241474475,0.09320477502295689,0
511,0.154716266742392,0.21880284071694278,0.15707276622209934,0.09277566539923955,0.45585419005481076,0.20559826532623693,0.27535091171454806,0
512,0.863221165223153,0.5140344944200202,0.8825236680257067,0.284555495201883,0.568777653041009,0.15572639463828108,0.3283484192575102,1
513,0.30758672914004453,0.3757186337504227,0.30827171584548413,0.036755386565272496,0.5932113847982566,0.24482554701360146,0.3414666141938869,1
514,0.20393771593544416,0.11261413594859648,0.19653099302052382,0.02857142857142858,0.4267978603975434,0.23023851764242068,0.16515807424898335,0
515,0.2782431728903403,0.28035170781197155,0.27226867528159765,0.05576679340937896,0.38123225252591947,0.23930613049477628,0.15833661288206743,0
516,0.6014955748024043,0.3902603990530943,0.5957432105590492,0.22962158247329348,0.4835897774549297,0.4037058939483541,0.21343303161484983,1
517,0.6899995267168346,0.42881298613459584,0.6786676801879621,0.3854789063914538,0.4611371590834048,0.09757539917208752,0.10566706021251479,1
518,0.35112878034928297,0.5843760568143388,0.334876649851427,0.043454644215100494,0.20161130555372117,0.1537551744529864,0.06296733569460844,0
519,0.251739315632543,0.31484612783226235,0.23557459747080364,0.026253847546623216,0.33698738691144425,0.19495367632564564,0.11170142988324804,0
520,0.26688437692271283,0.48224551910720315,0.25955358993849764,0.04830707948578671,0.34028924255431553,0.24857086536566142,0.26767676767676774,0
521,0.41644185716314064,0.44639837673317545,0.4278211595605003,0.15951475647293137,0.75500231129895,0.3368815296668639,0.46018627836809656,1
522,0.624686449902977,0.48224551910720315,0.6904153133853914,0.2970124932102118,0.6123621475269101,0.7638478218016953,0.29253574708120167,1
523,0.22854844053197032,0.2597226919174839,0.21753852532651508,0.026941879413362305,0.4254771181403949,0.3222945002956831,0.07031352485897939,0
524,0.28392257087415407,0.3260060872505918,0.28145947066546884,0.0568169473112439,0.3805718813973453,0.40035481963335307,0.2401941492850584,0
525,0.32131194093426096,0.42543118025025356,0.3236818464515237,0.18381314502987503,0.6770785181271874,0.2986398580721467,0.2511478420569329,1
526,0.41644185716314064,0.2766317213391951,0.4133093773754405,0.1427847184501177,0.45189196328336523,0.43899073526512916,0.32638069001705367,1
527,0.3350371527284775,0.2526208995603652,0.3176007186787368,0.01408654716639507,0.23396949085385987,0.1888428937512321,0.07247802702348154,0
528,0.4486251124047518,0.3517078119715928,0.4526985004491742,0.06959985515118597,0.4644390147262761,0.2935146855903805,0.26334776334776333,1
529,0.035401580765772156,0.5336489685492052,0.028954460645428726,0.0963968857504979,0.35944000528296893,0.2943031736644984,0.2908303817394726,0
530,0.30711344597472673,0.1471085559688874,0.30080851357888183,0.017128372261452113,0.4499108498976425,0.3276167947959787,0.25068870523415976,0
531,0.33361730323252403,0.3902603990530943,0.31787713357749986,0.05337678797754844,0.3799115102687711,0.13029765424797948,0.13859372950282045,0
532,0.3303043210752994,0.2482245519107203,0.32921014442678465,0.11352525801195001,0.5284950141979793,0.2962743938497931,0.16089466089466092,1
533,0.17838042500828247,0.17788298951640172,0.16909681431829177,0.05105920695274308,0.24057320213960243,0.1448846836191603,0.08297258297258298,0
534,0.20299114960480855,0.10990869124112271,0.20295763941676453,0.05239905848270867,0.5932113847982566,0.3504829489453972,0.24340810704447063,0
535,0.4344266174452175,0.40006763611768675,0.4312763457950384,0.11649465869998187,0.4512315921547911,0.37748866548393456,0.13872491145218413,1
536,0.20204458327417296,0.17145755833615142,0.1906571764218091,0.037262357414448666,0.30000660371128574,0.24640252316183717,0.1255411255411255,0
537,0.35491504567182547,0.397362191410213,0.3486973947895791,0.11185949665037115,0.3924585617116819,0.2868125369603785,0.08802308802308798,1
538,0.6606559704671306,0.4683801149814,0.6572455255338263,0.3231939163498099,0.3297233044971274,0.3077074709245023,0.15381083562901748,1
539,0.5181977377064697,0.4994927291173486,0.49346969801672314,0.11214919427847184,0.3984019018688503,0.18509757539917215,0.16030434212252392,1
540,0.3946708315585215,0.2556645248562732,0.4105452283878101,0.19833423863842112,0.6955689097272667,0.33372757737039227,0.4201757838121474,1
541,0.25931184627762793,0.4846127832262427,0.277658765807477,0.06739091073691833,0.7536815690418015,0.5521387739010448,1.0,1
542,0.5025793932509821,0.4606019614474128,0.5197291133992122,0.29599855151185944,0.32708181998283037,0.14508180563768974,0.44182080545716906,1
543,0.23990723649959778,0.43997294555292515,0.24158662151889987,0.002860764077494124,0.11107442382619026,0.12339838359944805,0.2521972976518431,0
544,0.2782431728903403,0.1220831924247548,0.2697118374680395,0.03972478725330436,0.5516080036980784,0.16104868913857678,0.19998688180506358,0
545,0.23754082067300866,0.20087926952992896,0.22914795107456293,0.04186130726054681,0.43934491184045427,0.35757934161245813,0.15873015873015875,0
546,0.3066401628094089,0.30571525194453836,0.30163775827517103,0.03197537570161145,0.6024565805982962,0.3849793021880545,0.20733307096943462,0
547,0.38141890292962277,0.2377409536692593,0.37965586345104,0.09433279015028063,0.27953509872548377,0.12063867534003553,0.19972451790633605,0
548,0.19967816744758388,0.6648630368616841,0.1857508119687651,0.07336592431649466,0.1419797926434656,0.00019712201852944977,0.026301980847435374,0
549,0.20062473377821954,0.34325329726073717,0.19452698500449173,0.06739091073691833,0.4703823548834445,0.3404297260003943,0.06677161222615767,0
550,0.13232997302285956,0.24619546838011488,0.12929306889641348,0.10555857323918161,0.49877831341213763,0.1908141139365268,0.19441164895710353,0
551,0.6223200340763879,0.626986810957051,0.6040356575219403,0.23682781097229766,0.30000660371128574,0.19850187265917602,0.07431457431457429,1
552,0.32320507359553224,0.47480554616165027,0.3301084928477645,0.16414991852254207,1.0,0.5651488271239897,0.3513052603961695,1
553,0.19731175162099487,0.11396685830233341,0.18713288646258036,0.04113706319029513,0.41557155121178097,0.2550758919771339,0.08316935589662865,0
554,0.4869610487954943,0.5312817044301656,0.47412065510331014,0.14430563099764618,0.4783068084263356,0.18430908732505424,0.1600419782237964,1
555,0.4126555918405982,0.3584714237402772,0.39672448344965794,0.09357233387651638,0.4637786435977019,0.3690124186871674,0.20510297783025053,1
556,0.13048416867812013,0.0764288129861346,0.12058599958537769,0.03161325366648561,0.3449118404543353,0.30356790853538346,0.17361930998294633,0
557,0.5238771356902835,0.2177882989516401,0.5280215603621036,0.31472026072786524,0.5060423958264544,0.43090873250542083,0.3657352748261839,1
558,0.5210374366983765,0.3703077443354751,0.5114366664363209,0.12391816042006154,0.5086838803407515,0.29469741770155733,0.1967073330709694,1
559,0.18169340716550716,0.4903618532296246,0.1734503489738097,0.14778200253485418,0.32510070659710755,0.2945002956830278,0.13918404827495734,0
560,0.22570874154006343,0.26547176192086563,0.22182295625734227,0.11837769328263624,0.420854520240375,0.1799724029174059,0.14777646595828414,0
561,0.2536324482938142,0.42306391613121397,0.24918803123488353,0.06641318124207857,0.4888727464835237,0.13857677902621726,0.23468450741178012,0
562,0.7624118510104596,0.3422387554954345,0.7484624421256305,0.4271229404309251,0.3217988509542363,0.2647348708850779,0.11629279811097995,1
563,0.3530219130105542,0.1849847818735204,0.3467624904982378,0.04674995473474561,0.3990622729974245,0.22195939286418298,0.14292273383182472,0
564,0.3624875763169104,0.24146094014203584,0.34842097989081605,0.0394350896252037,0.2841576966255035,0.1754385964912281,0.07162534435261712,0
565,0.43016706895735723,0.33615150490361845,0.41676456360997854,0.23027340213651998,0.5205705606550881,0.21387739010447473,0.057916830644103356,1
566,0.21482322873775378,0.17653026716266484,0.2078640038698086,0.05239905848270867,0.4472693653833454,0.21663709836388734,0.15118719664174213,0
567,0.34260968337356246,0.6134595874196821,0.3369497615921498,0.08107912366467498,0.24387505778247373,0.06406465602207767,0.1503345139708776,0
568,0.6507170239954565,0.7240446398376733,0.6351323336327828,0.38403041825095047,0.45519381892623656,0.25684999014389914,0.17801390528663258,1
