,-1.4479872302630394,-0.4560233618080356,-1.3666510291398104,-0.2806956846583102,0.6939837922107915,2.147190076074726,1.859432467927948,0.0
1,1.9775079895463563,1.6941866630408078,2.089618672890243,0.8107294254069971,0.733436094423269,1.9368785965934112,2.4634648782904303,1
2,-1.407089186016911,-1.2635156546895814,-1.3497630470419395,0.0167032209944056,-1.4907970325334827,0.616769617695316,0.0528768185869463,0
3,-0.9876002182979424,1.3800326009687365,-0.9868773829389152,-0.5611313032167573,0.7685048075010259,0.8222277553424459,-0.1371994353161101,0
4,-1.1239270324517037,-1.0261548077906828,-1.129395475764848,0.3992794831204725,-0.2134191586761762,1.0616592858288656,-0.2075775234959594,0
5,0.1172150047398276,1.919912174307407,0.1961051679168009,-0.1269433378038722,1.5531672626158437,2.1310122699607783,2.779335037837784,1
6,0.0802931592398509,0.1024727485423137,0.1672720277497046,1.7177239034473797,-1.426358272253104,-1.017188799813355,0.2241116945520902,0
7,-0.7660691452980813,-0.9074743843412336,-0.7788668717334359,-0.8274910026969812,-0.586024235127347,-0.3636054328098866,-0.9030460326747805,0
8,-0.533177504452073,-0.3140722670939879,-0.5642659284897634,-0.6683248408124572,-0.467667328489916,0.3433646943696081,-0.1455118079357772,0
9,1.6366909541619543,0.2258073062446827,1.587098229977996,0.3707667239620204,0.4090504984540139,-0.5690635704570165,0.4108629994072796,1
10,-0.5019359428751696,0.5841756437194897,-0.502068726129313,-0.3875283012520044,-0.0862950737693069,0.1152576281629519,0.4801327712378396,0
11,1.9803481315078937,0.2863110515326367,1.9001437517921824,0.9352471710989716,0.1942546308527515,-1.0236599222589342,-0.5373016374094244,1
12,0.2109396894705382,-0.6096097921543807,0.2747784503727345,0.0773379493313671,2.429885089559773,1.1069571429479177,1.2498584758190212,1
13,-1.266786173116999,-0.1860835751387002,-1.2554374884952966,-0.0995133416514372,-0.3931463131996823,0.4420493116646862,0.0717181965248582,0
14,-0.2065611788753541,-0.5444519126135072,-0.2672845847686728,-0.8906521780479827,-0.4852016850287945,-0.2584496930692295,-0.450298803990241,0
15,1.46060215254668,1.6709159917762098,1.4800037093573537,0.5436478839227616,0.8123406988482225,1.2477040561392592,1.5712702171128192,1
16,1.097063981469984,-2.073335014697587,1.2699336881399386,2.489733926737622,1.3076862710715431,2.750622244124958,1.937014612378176,1
17,0.3103446581243226,2.6366488492570217,0.4708438035089885,-0.5232345980061565,0.4090504984540139,1.9223185710908584,3.1561625965960296,1
18,0.0376910298168006,-0.2605497231854127,-0.0308528353984846,-0.6322327406118848,-1.662195367701021,-0.4283166572656757,-0.3982079355736602,0
19,-0.689385312336591,-0.0418054132981932,-0.726555317430276,-0.8845165210138856,-0.441365793681598,0.9484146430312348,-0.7960935049683958,0
20,0.3245453679320058,-1.484587031703261,0.2554190562605414,-0.692145626944835,-0.4457493828163177,-0.9395353304664084,-0.5101478868518446,0
21,0.3444263616627626,-1.1704329696311897,0.4337726232941504,0.1213703115760655,0.2906935918165841,2.8573957644770096,0.8597311208693084,1
22,-0.1753196172984507,-0.0930008900803083,-0.1593662601432562,-0.6914237849408235,0.4572699789359308,-0.3797832389238339,-0.3926663538272152,0
23,-1.035882631644066,0.1327246211862907,-1.0400127412468498,-0.1200858387657634,0.83864223365654,-0.0287248462511788,-0.3583085469992578,0
24,0.1456164243551948,-0.9423803912381306,0.1565625756876401,0.3837598800342262,-0.2046519804067367,0.4048403576026071,0.04345612961799,0
25,0.0916537270859974,0.2164990377388429,0.1038391193820928,-0.7073043090290754,1.0008350316411674,2.996524897056956,0.9616962250038922,1
26,-0.8768346817980122,-0.572376718131025,-0.8670139002442727,-0.7524194342797907,0.1986382199874706,0.1573199240592146,-0.2846055097715413,0
27,1.6139698184696607,0.6656229931455817,1.5665031298586418,1.274151991982346,0.8254914662523812,-0.2147696165615722,-0.4320115842269734,1
28,-1.0983657547978736,-1.6451546634289862,-1.0799672354783971,-0.7726310103921112,0.0846649024847601,0.0586353067641365,-0.372716659540014,0
29,-0.351408418913725,-1.4357186220476057,-0.4151574036256375,-0.9094200701522804,-1.5872359934973157,-0.9573309171917508,-0.8199223064781085,0
30,-0.2065611788753541,0.2863110515326367,-0.1371235520143532,-0.0525936113906931,1.097273992605,1.1069571429479177,1.493688072662592,1
31,-0.3315274251829682,-0.2326249176678958,-0.3208318450789941,-0.6116602434975587,-1.7130450016637695,0.4954360718407116,-0.6359417924961411,0
32,1.028900574393104,2.033938463503937,1.04338758682704,-0.0558419004087447,0.3389130722984999,0.1152576281629519,0.3770593507539664,1
33,1.8326607495079847,0.6632959260191224,1.7600970709805726,1.6419304930261778,-0.6386273047439825,0.0133374496450838,-1.4017883898548118,1
34,0.3273855098935423,0.7261267384335366,0.286311706439573,-0.7210193071052928,-0.0994458411734656,0.4436670922760807,0.7633075984811687,1
35,-0.0986357843369604,-0.8143916992828426,-0.1482449060788044,-0.1763895150786562,-1.1032877530242655,-1.6853321923193765,-0.8781089148157792,0
36,0.2762629545858821,0.6353711205016047,0.2179359740433166,-0.3416913339972776,0.2863100026818638,-0.3652232134212812,-0.2890387751686978,1
37,-0.5076162267982429,-1.0098653379054645,-0.5634421244849889,-0.078940844537111,-1.2084938922575372,-0.9751265039170924,-1.3413851488185635,0
38,-1.6845710556590454,-0.5700496510045647,-1.6582776468298683,-0.898231519090103,-0.1169801977123435,0.3304224494784499,-0.5461681682037357,0
39,-0.192360469067671,-0.2302978505414357,-0.2211515605013194,-0.3976340893081647,0.067130545945881,-0.3603698715870976,-0.992819656967186,0
40,-0.7973107068749847,1.8128670864902563,-0.8324141320437572,-1.0256366327981232,-1.768278224761237,-0.0837293870385996,-0.724607100439258,0
41,2.3126447410076856,0.0885103457835553,2.5056396953012023,2.9228391291444904,1.6539898127143955,1.8673140303034383,0.772728287450125,1
42,1.4975239980466564,0.9797770552176532,1.5294319496438036,0.4299577682909589,0.6106955986511188,0.0311330363704256,-0.4325657424016176,1
43,-1.8084012451820448,1.221792036369471,-1.8143885057345748,-0.0702787404889736,-1.8590185198499336,-0.0481382135879151,-0.7512066928221935,0
44,0.2080995475090016,-0.5467789797399666,0.1203151994775766,-0.3694822511517182,-0.4632837393551963,-0.6078903051304901,-0.8686882258468229,0
45,-0.8512734041441816,-0.6212451277866798,-0.8855494903516918,-0.9516478273869502,-1.2873984966824914,-0.8376151519485407,-0.7268237331378359,0
46,-1.251733420720854,-0.2489143875531144,-1.2867420406767154,-0.1850516191267937,-2.6826949182637563,-1.6044431617496406,-1.0172026166515435,0
47,-1.284111039082373,-0.5700496510045647,-1.2492589584594902,-0.7968127175264947,-0.3975299023344014,0.1314354342768992,0.7926779817373262,0
48,-1.1494883101055338,-0.972632263882108,-1.1619357339534278,0.0697586082892469,0.8649437684648587,0.0521641843185574,-0.386570613906126,0
49,-0.4451331036444356,-0.0511136818040322,-0.4139216976184762,-0.162313596000433,-0.998081613790994,-1.2614736721339586,-0.6686371248001658,0
50,0.2847833804704925,2.448156412013778,0.1952813639120263,0.2271201651637424,-0.7701349787855722,0.5374983677369743,-1.235540937461468,1
51,-1.035882631644066,-1.002884136526085,-1.008296287063044,-0.2799738426542988,0.0145274763292461,0.1929110975098982,0.6934836684759644,0
52,-0.3826499804906289,-0.6514970004306576,-0.4365763077497659,-0.6076901124754956,-0.1213637868470639,-0.8376151519485407,-1.0997721846735704,0
53,0.1740178439705616,1.4265739434979328,0.112489061432222,-0.3683994881457011,-1.1558908226409017,-0.2891875246857294,-0.7972018213176851,0
54,-1.1994748086285794,-0.286147461576471,-1.1273359657529125,0.0935793944216247,-0.0994458411734656,-0.4639078307163593,1.787391905224166,0
55,-0.0872752164908133,1.210156700737172,0.014868286866482,0.2523846353041431,2.0616636022433235,1.2137306632999691,1.903765121899507,1
56,-0.351408418913725,-1.2053389765280866,-0.2891153908951885,-0.7314860161634588,-0.3054745305052885,-0.4234633154314912,1.876057213167283,0
57,-0.1099963521831069,-0.3210534684733675,-0.1585424561384816,-0.5600485402107402,-1.5455918967174784,-0.8910019121245671,-0.7650606471883055,0
58,-0.2150816047599645,-0.674767671695255,-0.2417466606206738,-0.870801522937668,-1.3093164423560897,-1.3795716567657734,-0.4248075279565949,0
59,0.159817134162878,-1.2355908491720635,0.2574785662724768,0.5089994677302124,-0.0512263606915487,-0.1193205604892832,0.450762387981682,0
60,-0.3457281349906518,-0.6887300744540142,-0.3887956754728638,-0.7614424593299338,-0.9936980246562742,0.1993822199554773,-0.8010809285401965,0
61,-0.1440780557215474,0.9169462428032392,-0.1968493423604811,-0.2135643782852458,-0.4720509176246358,-0.4186099735973075,-0.7988642958416187,0
62,0.9152948959316368,0.8773861016534223,0.783889325323175,-0.0161405901881151,-0.3668447783913642,-0.725988289762305,-1.0415855763359003,1
63,0.2478615349705153,-0.8795495788237164,0.2257621120886712,-0.6257361625757818,-0.8227380484022077,0.0861375771578465,-0.0180554277675471,0
64,-0.6609838927212237,-0.4723128316932533,-0.6882484312082765,-0.2215046403293717,-0.3493104218524857,-0.1969740298362304,-0.1516075478568664,0
65,0.114374862778291,-1.2355908491720635,0.0778892932317065,-0.3579327790875352,0.102199259023638,-0.4768500756075174,-0.3239507401712995,0
66,-0.1185167780677167,-0.141869299735964,-0.1334164339928693,-0.3106521278247854,0.4441192115317709,-0.0837293870385996,0.3526763910696095,0
67,-0.7859501390288381,-0.4001737507730002,-0.8023452858695003,-0.7708264053820827,0.5668597073039222,0.1168754087743465,-0.3599710215231905,0
68,-1.5340435316976009,-0.8050834307770032,-1.4881621198440012,-0.8614175768855191,1.7548123628129473,0.0408397200387947,0.9838625519896712,0
69,0.5631172927010872,-0.2884745287029304,0.540867143914793,1.0817810979132951,-0.0424591824221104,-0.1759428818880986,-0.1311036953950209,1
70,1.239071079546818,-0.4118090864052993,1.2081483877818753,1.3972260536662977,0.3871325527804156,-0.632157014301411,0.5820978753724242,1
71,-0.1185167780677167,0.3584501324528898,-0.0728668396419674,0.6436230014783472,1.447961123382571,0.4776404851153698,1.726434506013273,1
72,0.0973340110090712,1.3265100570601611,0.1582101836971887,-0.5448898581264999,0.0715141350806013,0.4630804596128171,1.0171120424683402,0
73,-0.1667991914138409,-1.147162298366592,-0.1857279882960298,-0.4882252608116013,0.5098730485525658,0.1233465312199256,-0.6292918944004077,0
74,0.3785080652012031,-1.7219478786021591,0.4337726232941504,0.0567654522170409,0.9087796598120552,0.5099960973432643,0.945071479764558,1
75,-0.362768986759872,0.4841117572817189,-0.3846766554489932,0.3397275177895281,-1.6810448009803156,-0.667748187752095,-0.1349828026175323,0
76,1.44356130077746,-0.1674670381270215,1.3811472287844524,1.163349244366589,1.3164534493409816,1.029303673600971,-0.0557381836433717,1
77,-0.4706943812982658,-0.460677496060955,-0.474471291969378,-0.9094200701522804,-0.209035569541457,0.2171778066808191,-0.4065203081933272,0
78,-0.4735345232598024,0.1397058225656703,-0.475295095974152,-0.147876755920204,-1.1997267139880985,-0.3490454073073339,-0.3494420162049457,0
79,-0.9279572371056724,0.5097094956727765,-0.9662822828195607,-0.3207579158809455,-1.4145225815893612,-0.7162816060939368,-0.998915396888275,0
80,-0.7831099970673016,-0.0930008900803083,-0.8155261499458868,-0.5037448638978473,-0.9016426528271618,0.5925029085243951,-0.7761438106811946,0
81,1.329955622315992,0.1606494267038084,1.1916723076863922,-0.2774473956402589,-0.3536940109872055,-0.539943519451912,-1.4727206362093053,1
82,-0.180999901221524,0.700529000042479,-0.2083825984273196,-0.6185177425356674,-0.7087647308994971,-0.0481382135879151,-0.81881399012882,0
83,-1.2951875927323655,-0.7864668937653249,-1.3081609448008438,-0.6856490489087319,0.7904227531746242,-0.232565203286914,-0.120020531902131,0
84,0.8556519147393662,-0.6724406045687957,0.9898403265167188,2.312882635754818,0.9701499076981296,1.8851096170287804,1.2166089853403523,1
85,-0.8711543978749384,-1.037790143422982,-0.892139922389885,-0.7928425865044317,-0.8928754745577223,-0.502734565389833,0.423054479249458,0
86,0.1370959984705844,-0.8376623705474403,0.0292848569500304,-0.3218406788869627,-1.3706866902421646,-0.5998014020735165,-1.4959952795443732,0
87,-1.827998224716648,1.431228077750852,-1.797088621634317,-0.6697685248204801,1.1937129535688316,-0.1791784431108877,1.2554000575654662,0
88,1.4037993133159463,1.284622848783885,1.4964797894528374,2.078644905453103,-0.3361596544483263,2.862249106311194,1.1002357686650122,1
89,-0.1241970619907905,-0.7492338197419682,-0.1700757122053201,-0.8469807368052902,-0.9586293115785172,0.6830986227624997,-0.3843539812075482,0
90,1.4293605909697764,1.7011678644201875,1.4099803689515489,0.8334674485333576,2.009060532626687,0.5779428830218425,0.7344913733996553,1
91,1.6111296765081244,0.5283260326844543,1.5541460697870286,1.9855272869356264,0.1285007938319566,0.2738001280796345,-0.0773503524545065,1
92,-0.7575487194134709,-0.2628767903118728,-0.7570360656069203,-0.2792520006502875,-0.7876693353244507,-1.1207267589426178,-0.4192659462101499,0
93,-0.5871402017212699,-0.0906738229538489,-0.6305821508740845,-0.5853130103511408,-0.1520489107901018,-0.0335781880853633,-0.1726655584933569,0
94,-0.2775647279137713,-0.9191097199735327,-0.2742869188092534,-0.4842551297895382,0.6764494356719124,1.5340512243561253,0.1321214375611069,0
95,-0.146918197683084,1.256698043266368,-0.1733709282244168,-0.6286235305918276,0.6457643117288758,0.920912372637524,-0.2740765044532965,1
96,-1.0983657547978736,-0.6305533962925196,-1.0758482154545266,-1.049457418930501,0.6019284203816793,-0.3393387236389658,0.6009392533103362,0
97,-1.361646914632324,0.6167545834899268,-1.3575891850872943,-0.3748960661818041,-0.9673964898479568,-0.7534905601560155,-0.5550346989980478,0
98,-0.8711543978749384,-0.5048917714636905,-0.8534211341654989,-0.8202725826568668,1.4830298364603285,-0.195356249224835,1.8206413957028351,0
99,-0.984760076336406,-0.9633239953762688,-1.008296287063044,-0.2680634495881099,-1.0857533964853872,-0.3086008920224658,-1.2360950956361123,0
100,-0.6496233248750772,-0.1372151654830445,-0.5782705965709241,0.2790927894525665,1.3734401080923382,3.009467141948114,3.117371524370916,1
101,-1.0273622057594562,0.2095178363594641,-0.9609275567885288,-0.2583185825339554,-0.1038294303081848,-0.8376151519485407,0.3499056001963874,0
102,-0.4138915420675323,-0.4630045631874144,-0.4415191317784111,-0.7044169410130295,0.2643920570082655,-0.3441920654731503,-0.8348845771935097,0
103,-0.8654741139518652,-1.0657149489404991,-0.8962589424137564,-0.714161808067184,-0.4720509176246358,-1.6157676260294032,-0.5993673529696059,0
104,-0.8768346817980122,-1.014519472158384,-0.87731145030395,-0.8697187599316508,-1.0024652029257135,0.487347168783738,-0.6137754655103621,0
105,-0.4820549491444127,-0.5328165769812081,-0.5506731624109896,-0.0987914996474256,-2.1163352020579773,-1.6173854066407982,-1.364659792153632,0
106,0.1654974180859517,0.535307234063834,0.1475007316351242,0.0629011092511382,0.1942546308527515,1.2897663520355218,1.41056434646592,1
107,0.2109396894705382,0.2141719706123836,0.1709791457711885,-0.6239315575657532,-0.4720509176246358,-0.8602640805080671,-0.9950362896657644,0
108,0.716484958624068,0.4864388244081782,0.7426991250844662,1.4495595989571273,2.109883082725239,1.15225500006697,0.6480426981551171,1
109,0.5687975766241605,0.3235441255559933,0.6644377446309193,0.5920112981915289,2.039745656569725,1.3027085969266792,1.6765602702952702,1
110,-0.3570887028367988,-0.7166548799715311,-0.3949742055086704,-0.6159912955216273,-0.2967073522358502,1.1376949745644174,-0.73846105480537,0
111,-1.3241570407400398,0.4003373407291667,-1.3122799648247148,-0.613825769509593,0.9833006751022884,-0.0368137493081524,0.4524248625056156,0
112,2.164957359007778,0.3956832064762464,2.2790935939883044,2.749597048181743,-0.2265699260803349,-0.109613876820915,0.2568070268561149,1
113,-0.2747245859522346,0.2909651857855562,-0.3257746691076393,-0.2940497617325221,-0.9016426528271618,-0.3458098460845448,-0.5350850047108465,0
114,-0.9137565272979888,-1.614902790785009,-0.9403324566691744,-0.8296565287090155,-1.720497103192793,-1.225882498683275,-0.9706533299814069,0
115,-0.533177504452073,0.7331079398129162,-0.5679730465112468,-0.654248921734234,-0.2967073522358502,0.3223335464214763,-0.106166577536019,0
116,-0.3911704063752388,-0.602628590775002,-0.3896194794776378,-0.0785799235351051,0.6632986682677537,0.2754179086910291,0.0900054162881259,0
117,0.1285755725859746,-1.310056997218777,0.0956010793343515,0.040884928128789,-0.441365793681598,-0.4444944633796229,-0.7462192692503928,0
118,-0.5274972205289998,2.485389486037135,-0.5992775986926657,0.1455520187104489,-1.6722776227108769,-0.7955528560522781,-0.9152375125169588,0
119,-0.5587387821059032,-0.2931286629558498,-0.5634421244849889,-0.6704903668244915,-0.5071196307023929,-0.8004061978864622,-0.3688375523175026,0
120,0.0405311717783372,0.7587056782039737,0.0741821752102225,-0.7307641741594474,0.2468577004693876,-0.3280142593592031,-0.0241511676886363,1
121,0.2649023867397356,0.1257434198069111,0.3431541827689909,0.2585202923382403,0.9964514425064472,-0.1079960962095205,-0.0889876741220406,1
122,3.718515011968345,0.6004651136047082,3.7125125622953687,1.555309452544804,0.650147900863595,-0.072404922758836,-0.1732197166680011,1
123,-0.3230069992983583,-1.177414171010569,-0.3249508651028653,-0.8076403475866664,-0.7964365135938902,-0.7583439019901995,0.9395298980181132,0
124,-0.2434830243753313,-1.0540796133082004,-0.2977653329453177,0.001905459912171,-1.392604635915763,-1.413545049605063,-1.2128204523010446,0
125,1.9973889832771132,0.8727319674005029,1.8630725715773448,1.0341395256485395,0.3389130722984999,-0.1274094635462569,-0.4813316617703321,1
126,-0.0730745066831302,0.3281982598089128,-0.0905786257446125,-0.480645919769481,-0.261638639158092,-1.0543977538754343,0.0539851349362349,0
127,-0.0730745066831302,-0.7166548799715311,-0.1420663760429985,-0.544528937124494,-0.748217033111974,-0.8715885447878303,-0.7101989878985018,0
128,1.713374787123445,0.0861832786570951,1.6118123501212211,0.6761058916588624,-1.1821923574492197,0.2495334189087136,-1.3641056339789872,1
129,-0.1525984816061572,-0.3373429383585861,-0.2359800325872545,-0.5311748600502824,-1.1997267139880985,-0.9152686212954876,-1.1812334363463088,0
130,-0.4763746652213395,-0.8353353034209806,-0.3871480674633158,-0.2550702935159039,2.048512834839165,1.7540693875058078,2.241801608432639,1
131,-1.4704243517591793,-0.8213729006622218,-1.3687105391517456,-0.3319464669431231,-0.6342437156092627,-2.020212778878084,-0.372716659540014,0
132,1.284513350931405,-0.3931925493936206,1.3070048683547766,0.8074811363889456,1.5575508517505627,1.453162193786389,0.4380167499648593,1
133,-0.135557629836937,-1.4264103535417665,-0.1684281041957721,-0.703695099009018,-0.0556099498262691,-0.8424684937827254,0.1792248824058871,0
134,0.421110194624253,0.0210253991162208,0.3307971226973784,-0.6329545826158963,-1.05068468340763,-0.352280968530124,-0.8675799094975336,1
135,-0.7547085774519343,-0.7585420882478072,-0.7805144797429846,-0.8462588948012788,0.9087796598120552,-0.0804938258158096,0.204162000264889,0
136,0.0831333012013876,-0.6398616647983586,0.0898344513009323,-0.2023758272230683,-0.1301309651165035,0.2462978576859245,0.2047161584395332,0
137,0.1569769922013413,0.1955554336007048,0.11413666944177,0.2437225312560057,0.615079187785838,0.207471123012451,-0.0989625212656412,1
138,-0.5899803436828065,-1.0843314859521775,-0.5737396745446661,-0.5109632839379619,0.7465868618274276,-0.2487430094008613,-0.0518590764208603,0
139,-1.26224194597854,0.0117171306103819,-1.2735611766003283,-0.3951076422941246,-0.5465719329148696,-0.5642102286228329,-0.2629933409604066,0
140,-0.8967156755287685,-0.4862752344520126,-0.8336498380509185,-0.5333403860623166,0.2950771809513033,-0.5836235959595693,0.6303096365664936,0
141,-0.7689092872596179,0.2537321117621995,-0.5926871666544724,0.3263734407153162,3.3942746991980965,6.046041349536011,4.935010337204807,1
142,-0.4508133875675094,-0.6910571415804736,-0.4415191317784111,-0.5322576230562995,1.1235755274133177,0.4113114800481862,-0.4746817636745979,0
143,0.8329307790470721,0.3980102736027066,0.8168414855141419,1.4831252521436598,0.5493253507650432,-0.4493478052138075,-0.4408781150212847,1
144,0.0604121655090941,-1.3542712726215127,0.0222825229094499,0.4216565852448273,-0.1169801977123435,0.2608578831884773,-1.2870776477034045,0
145,0.1285755725859746,0.5213448313050756,0.2241145040791226,-0.5438070951204826,0.8824781250037366,2.2054301780849355,2.413590642572428,1
146,-0.6723444605673707,0.5376343011902941,-0.7104911393371796,0.0037100649221996,-1.0463010942729103,-0.7567261213788049,-1.0149859839529656,0
147,-0.3684492706829453,0.7075102014218578,-0.2763464288211887,-0.3575718580855295,1.9871425869530888,0.8189921941196567,2.236260026686194,1
148,-0.3116464314522117,-0.202373045023918,-0.3855004594537672,-0.7986173225365233,-1.5499754858521984,-1.478256274060852,-1.23332430476289,0
149,0.7704476558932655,0.0396419361278995,0.6767948047025324,0.2660996333803605,-1.95633419864071,-0.604654743907701,-1.3424934651678524,0
150,1.804259329892619,0.505055361419857,1.6694786304554137,1.0186199225622938,-0.4194478480079997,-1.072193340600776,-0.702440773453479,1
151,-0.260523876144551,2.040919664883316,-0.2919987049118984,-0.613825769509593,-1.1032877530242655,-0.6920148969230159,-1.0814849649103029,0
152,-1.549664312486053,-1.126218694228454,-1.5466522041829676,-0.6668811568044343,-0.7087647308994971,-0.4994990041670438,-0.3028927295348098,0
153,-0.6411028989904674,0.5236718984315348,-0.623579816833504,-0.5383932800903968,-1.6569350607393578,-0.9638020396373294,0.8630560699171747,0
154,-0.3883302644137021,-1.377541943886111,-0.3986813235301538,-0.2839439736763618,-0.5684898785884679,-0.5447968612860956,-0.078458668803795,0
155,0.2080995475090016,0.9122921085503196,0.3472732027928622,-0.453215923617046,-0.0336920041526708,0.1605554852820037,0.1698041934369315,1
156,-0.4195718259906055,-0.2605497231854127,-0.3822052434346706,-0.6235706365637476,0.9175468380814936,0.5326450259027907,1.072527859932788,0
157,-0.8001508488365213,-0.0580948831834118,-0.8307665240342093,-0.478119472755441,-0.1476653216553814,-0.8101128815548309,-0.971761646330696,0
158,-0.6212219052597104,0.342160662567672,-0.5807420085852466,-0.4727056577253551,-0.9104098310966008,-0.7049571418141737,0.8791266569818645,0
159,0.9493765994700764,1.254370976139908,0.9939593465405896,2.4644694565972216,0.2293233439305085,-1.1983802282895646,0.5017449400489743,1
160,0.2365009671243688,-0.0441324804246525,0.2084622279884134,-0.4239813224545825,-0.0468427715568295,0.0990798220490047,0.0429019714433457,0
161,-0.7177867319519576,-0.2163354477826772,-0.745090907537695,-0.8069185055826549,0.0802813133500409,0.5002894136748962,-0.294580356915142,0
162,-0.5076162267982429,1.7616716097081415,-0.4456381518022818,0.0004617759041481,2.022211300030846,0.5083783167318698,2.025679920321292,1
163,-1.248609264563164,-0.9191097199735327,-1.1611119299486534,1.5134426163121404,-0.1388981433859418,0.3352757913126345,2.324925334629312,0
164,-0.8115114166826684,-0.8818766459501762,-0.7656860076570494,-0.2695071335961329,-0.971780078982676,-1.2032335701237489,1.1279436773972362,0
165,1.693493793392688,1.0635514717702057,1.7600970709805726,2.406722096276306,0.102199259023638,0.6361829850320533,0.5953976715638911,1
166,-0.0304723772600798,-0.8446435719268196,-0.0979928617875798,-0.6892582589287891,-1.2698641401436122,-1.2372069629630378,-0.9335247322802264,0
167,-1.0273622057594562,0.884367303032802,-1.0346580152158178,-0.427229611472634,-0.7920529244591705,-1.089988927326118,-0.8963961345790469,0
168,-1.2074272061208822,0.0256795333691403,-1.154109595908073,-0.8116104786087294,1.0315201555842053,-0.450965585825202,0.0528768185869463,0
169,-0.7263071578365675,-0.0580948831834118,-0.731910043461308,-0.4286732954806569,-0.3273924761788874,0.2171778066808191,-0.0612797653898167,0
170,-0.5161366526828528,-0.644515799051278,-0.5263709442701513,-0.5582439352007116,-0.6473944830134221,-0.4574367082707811,-0.4353365332748397,0
171,-0.1327174878754004,-0.0371512790452737,-0.1033475878186123,-0.6524443167242054,-0.774518567920292,-0.2535963512350458,0.2462780215378692,0
172,-1.0813249030286531,-0.684075940201094,-1.098090923583429,-0.7029732570050067,-0.1695832673289797,-0.355516529752913,-0.5517097499501806,0
173,1.0857034136238373,0.167630628083188,0.9156979660870432,0.5248799918184641,-1.1032877530242655,3.2052185959268757,-1.26546547889227,1
174,-0.5445380722982196,-1.2099931107810062,-0.5432589263680218,-0.5001356538777901,-1.3049328532213698,-0.3619876521984921,0.2379656489182022,0
175,-0.5445380722982196,-0.29545573008231,-0.5626183204802149,-0.5503036731565858,0.1942546308527515,0.5132316585660535,-0.5123645195504225,0
176,-0.3570887028367988,0.0582584731395774,-0.3830290474394446,-0.1395755728740725,-0.4808180958940753,0.6669208166485524,-0.3655126032696355,0
177,0.7278455264702155,0.2118449034859234,0.6232475443922105,-0.5697934072648948,-1.3794538685116036,2.8735735705909566,-0.4275783188298169,1
178,-0.5530584981828299,-1.212320177907466,-0.6062799327332462,-0.6997249679869552,-1.4145225815893612,-0.983215406974066,-1.3064731838159611,0
179,0.6312806997779683,0.9309086455619976,0.7015089248457574,0.0939403154236306,0.4002833201845743,3.111387320465981,0.675750606887341,1
180,0.6738828292010182,-0.2326249176678958,0.6026524442728561,-0.2391897694276522,0.0627469568111618,-0.819819565223199,-1.0670768523695464,0
181,-0.5928204856443436,2.0595362018949945,-0.62275601282873,0.7251911479316405,-1.239179016200575,-0.8036417591092517,-0.9728699626799846,0
182,-1.1580087359901436,-0.4094820192788392,-1.135162103798267,-0.517098940972059,0.3432966614332191,-0.0109292595258369,-0.4048578336693936,0
183,0.0348508878552639,0.565559106707811,0.0684155471768033,-0.4301169794886799,0.5361745833608844,1.1166638266162856,0.9672378067503372,1
184,-0.8086712747211316,-1.3728878096331911,-0.7813382837477586,-0.2409943744376808,0.1898710417180311,-1.2922115037504585,-0.8925170273565355,0
185,0.9010941861239532,-0.5142000399695302,0.8662697258005926,-0.3460223860213462,0.4046669093192948,0.3838092096544763,-0.1560408132540228,1
186,1.8355008914695223,0.4538598846377411,1.8877866917205708,0.6685265506167422,0.615079187785838,-0.6806904326432528,0.3349433294809861,1
187,-1.564717064882197,-1.7452185498667574,-1.5499474202020642,-0.8996752030981259,1.7942646650254248,0.5164672197888435,0.3499056001963874,0
188,-0.4252521099136788,0.342160662567672,-0.404447951563573,-0.2265575343574519,-0.1608160890595401,-1.091606707937513,0.0506601858883685,0
189,0.6085595640856742,0.3305253269353729,0.6150095043444692,0.116678338549991,1.1674114187605142,0.3271868882556609,-0.1078290520599526,1
190,-0.4508133875675094,-0.2838203944500109,-0.5168971982152482,-0.1951574071829538,-1.72882592254876,-1.0802822436577495,-1.5924188019325125,0
191,0.898254044162416,0.6609688588926622,0.9239360061347852,1.5506174795187295,-0.8315052266716473,0.26894678624545,-0.5046063051053997,1
192,1.108424549316131,-0.5677225838781046,1.051625626874782,-0.3846409332359587,-0.2660222282928123,-0.0950538513183623,-0.0939750976938406,1
193,-0.6723444605673707,-0.2675309245647923,-0.698957883270341,0.865589417711867,-0.8183544592674885,-1.4928162995634042,-0.8199223064781085,1
194,-0.3201668573368216,0.3468147968205915,-0.3484292792389291,0.0542390052030009,-0.1169801977123435,0.4776404851153698,-1.0859182303074584,0
195,-1.0018009281056262,-0.0790384873215498,-0.9345658286357552,0.1635980688107351,-0.4852016850287945,0.0634886485983202,-0.4475280131170182,0
196,-0.7121064480288845,-0.2582226560589534,-0.6421154069409231,0.0177859840004229,2.000293354357248,-0.3894899225922021,0.4851201948096402,0
197,0.2450213930089787,1.3753784667158169,0.1470888296327375,2.9192299191244326,-1.6876201846823955,-2.1609596920694254,-1.6018394909014688,1
198,-0.6354226150673935,0.4375704147525233,-0.6417035049385358,-0.4709010527153265,0.4485028006664913,0.2818890311366082,-0.5783093423331154,0
199,-1.4562236419514958,-1.137854029860753,-1.4667432157198728,-0.8321829757230556,-1.4798380596966836,0.145995459779451,-0.3272756892191666,0
200,1.4350408748928498,0.7447432754452145,1.46352762926187,0.1101817605138879,-0.0073904693443521,0.4727871432811853,0.4579664442520605,1
201,-1.4442950457130417,-0.0906738229538489,-1.313927572834263,0.2170143771075821,-0.4501329719510376,0.3789558678202917,1.1944426583545733,0
202,-0.6609838927212237,-0.6305533962925196,-0.5346089843178932,-0.3084866018127511,0.2687756461429859,4.648278901290969,1.0559031146934532,1
203,-0.0645540807985198,-0.0115535406542162,-0.1334164339928693,-0.2655370025740699,-1.1383564661020231,-0.8812952284561985,-0.4386614823227068,0
204,0.2336608251628317,-0.1209256955978259,0.2418262901817676,0.0607355832391039,-1.4320569381282398,-0.0788760452044151,0.456303969728127,0
205,-0.1895203271061339,2.0758256717802133,-0.2503966026708024,-0.8527554728373818,-0.9454785441743584,-0.3344853818047821,-0.7390152129800143,0
206,3.295333859699378,-0.4257714891640577,3.387109980409569,2.128091082727887,0.9043960706773349,1.2768241071443636,0.2329782253464022,1
207,0.1058544368936811,-1.9546545912481377,0.0951891773319642,-0.4052134303502849,-0.0468427715568295,-0.0190181625828106,-0.2153357379409814,0
208,2.9829182439303428,0.5376343011902941,3.028755238332804,2.1161806896616984,0.0802813133500409,0.4145470412709753,0.7073376228420765,1
209,-0.5530584981828299,-0.3373429383585861,-0.5840372246043433,-0.1410192568820954,-0.8052036918633292,-1.089988927326118,-0.5644553879670033,0
210,-0.3485682769521884,-0.7841398266388652,-0.3389555331840265,-0.6888973379267834,-0.0512263606915487,1.0487170409377076,-0.1532700223807999,0
211,0.9465364575085402,4.651888980771197,0.8827458058960763,0.4743510515376627,0.1811038634485927,-0.0772582645930205,0.0562017676348127,1
212,1.508884565892804,-0.1092903599655268,1.4882417494050948,0.5801009051253397,0.8342586445218207,0.5908851279130006,0.3404849112274311,1
213,-1.2327044695785585,0.1513411581979694,-1.2298995643472972,-0.2532656885058753,-0.0336920041526708,-1.5639986464647724,0.3288475895598969,0
214,-0.5473782142597566,-0.94936159261751,-0.5749753805518274,-0.5329794650603109,-0.2967073522358502,-0.3878721419808075,-0.2402728557999833,0
215,1.801419187931082,0.321217058429534,1.7600970709805726,1.5462864274946613,-0.9936980246562742,0.5164672197888435,-1.1130719808650382,1
216,-0.6467831829135405,-0.4257714891640577,-0.676715175141438,-0.7152445710732013,0.1986382199874706,0.3239513270328709,-0.7689397544108169,0
217,1.7190550710465182,0.0582584731395774,1.7230258907657356,0.1007978144617391,1.4961806038644885,0.2123244648466355,-0.1770988238905125,1
218,2.874992849391949,0.2118449034859234,3.057588378499899,3.983946875041316,1.6320718670407972,0.5197027810116325,-0.2136732634170486,1
219,-0.7717494292211545,-1.0168465392848438,-0.7595074776212428,-0.2554312145179098,-0.8884918854230025,-1.762985661666323,-0.5361933210601351,0
220,2.602339221084427,1.717457334305406,2.756899916757326,0.5367903848846528,0.9306976054856524,0.4808760463381589,0.2036078420902447,1
221,1.7644973424311052,0.5166906970521561,1.809525311267024,0.5956205082115861,1.1761785970299536,4.298838289229709,1.0226536242147852,1
222,-0.2633640181060881,-0.4327526905434374,-0.32289135509093,-0.8740498119557195,-0.9761636681173956,-0.2163873971729668,-0.6630955430537209,0
223,0.580158144470308,-0.7492338197419682,0.5902953842012436,-0.8325438967250613,-0.3887627240649625,0.4080759188253972,0.3133311606698514,0
224,1.7928987620464725,0.5795215094665702,1.7230258907657356,0.6241332673700379,0.0145274763292461,-0.4719967337733329,-0.9196707779141152,1
225,1.3327957642775292,0.6237357848693056,1.3070048683547766,1.4939528822038315,0.2906935918165841,0.1718799495617674,-0.0446550201504818,1
226,2.153596791161632,-0.4746398988197134,2.015476312460568,2.8939654489840323,0.1723366851791532,-0.632157014301411,-1.0532228980034344,1
227,-0.4763746652213395,-0.6701135374423356,-0.3756148113964773,-0.0471797963606073,-0.6517780721481419,0.5342628065141852,1.0780694416792331,0
228,-0.6183817632981738,-1.0075382707790044,-0.6071037367380203,-0.1594262279843873,-0.1345145542512227,0.3611602810949499,-0.4458655385930853,0
229,-0.0787547906062035,-0.4839481673255524,-0.1453615920620951,-0.6737386558425431,-0.7306826765730954,-0.8683529835650408,-0.671962073848033,0
230,0.3018242322397123,-1.4147750179094671,0.234000152136413,-0.8188288986488439,-0.8665739397494042,-0.6693659683634896,-0.902491874500136,0
231,0.4608721820857667,0.2234802391182225,0.437891643318021,-0.2088724052591714,1.0008350316411674,1.767011632396965,1.2443168940725762,1
232,-0.8711543978749384,-1.0075382707790044,-0.843535486108209,-0.8845165210138856,0.4134340875887343,0.647507449311816,0.3798301416271892,0
233,1.1623872465853278,-0.1372151654830445,1.1669581875431665,1.546647348496667,-0.1915012130025779,0.1945288781212928,-0.225864743259227,1
234,1.5344458435466342,3.0671562676520816,1.4841227293812242,1.2055770016012584,0.3695981962415377,-0.3037475501882822,-0.4580570184352638,1
235,1.6082895345465873,1.356761929704139,1.5829792099541256,0.3252906777092992,-0.2134191586761762,0.6539785717573952,0.0390228642208343,1
236,0.262062244778199,-0.0511136818040322,0.2179359740433166,-0.0691959774829564,-0.3405432435830461,-1.0010109936994085,-0.7983101376669737,1
237,-0.8484332621826449,-1.2146472450339256,-0.8538330361678862,0.0614574252431154,-1.9168818964282333,-0.5253834939493592,-0.7628440144897269,0
238,-0.3372077091060419,-0.7259631484773701,-0.3620220453177029,-0.9361282243007036,-0.6649288395523005,0.6410363268662369,-0.3106509439798318,0
239,-0.2520034502599411,0.1955554336007048,-0.2100302064368676,-0.4481630295889658,-0.5378047546454306,-0.0902005094841787,2.269509517164863,0
240,-0.305966147529138,-0.162812903874102,-0.2833487628617693,-0.3413304129952719,0.0846649024847601,0.3433646943696081,-0.042992545626549,0
241,-0.0787547906062035,0.0722208758983367,-0.1354759440048046,-0.2283621393674805,-0.9016426528271618,-0.6273036724672264,-0.8221389391766862,0
242,-0.2349625984907209,0.5306530998109145,-0.2771702328259633,-0.5163770989680477,-0.8052036918633292,-0.4266988766542811,-0.9623409573617396,0
243,-0.3996908322598486,-1.2821321917012596,-0.4196883256518954,-0.8101667946007065,-0.1125966085776244,-0.8602640805080671,-0.8160431992555971,0
244,-0.6041810534904902,2.0804798060331327,-0.6260512288478266,-0.7722700893901056,-0.5071196307023929,-0.7340771928192786,-0.1111540011078197,0
245,1.551486695315854,1.3288371241866213,1.4717656693096115,0.2245937181497022,0.8956288924078952,-0.983215406974066,-1.2765486423851595,1
246,1.849701601277206,-0.4513692275551152,1.7642160910044444,0.7526211440840757,1.044670922988364,-0.3425742848617558,-0.7423401620278814,1
247,0.0376910298168006,0.083856211530635,0.2414143881793803,-0.1529296499482842,-1.879621388783116,-0.8133484427776199,1.344065365508583,0
248,-0.3741295546060185,-1.449681024806364,-0.4398715237688625,-0.4196502704305138,-0.7087647308994971,-1.808283518785376,-0.5960424039217387,0
249,0.8386110629701454,1.829156556375475,0.7921273653709169,1.8909659844101272,1.2112473101077108,0.176733291395951,0.3687469781342993,1
250,-1.3411978925092602,0.5609049724548915,-1.3332869669464562,0.0903311054035733,0.8868617141384569,-0.0465204329765206,-0.0501966018969268,0
251,-0.905236101413379,-0.162812903874102,-0.8888447063707885,-0.0922949216113227,0.1723366851791532,-1.0511621926526449,-0.367175077793569,0
252,-1.5706813630014242,-0.1604858367476419,-1.5602449702617414,-0.2467691104697723,0.102199259023638,0.3902803321000545,-0.1543783387300892,0
253,-1.678038729147511,0.3281982598089128,-1.5940209344574827,-0.7639689063439739,1.3427549841493005,0.681480842151105,3.5828643910722797,0
254,-1.010321353990236,-0.2256437162885162,-1.035893721222979,-0.8061966635786436,-1.5092081068993055,-0.3263964787478085,-0.9191166197394702,0
255,1.8127797557772292,1.9827429867218207,1.7477400109089607,0.4288750052849418,-0.441365793681598,-0.7502549989332259,-0.036896805705459,1
256,-0.2633640181060881,-0.807410497903463,-0.3253627671052527,-0.7755183784081571,-0.8578067614799653,-0.4040499480947548,-0.0053097897507244,0
257,-0.4934155169905593,-0.4211173549111383,-0.4666451539240235,-0.5210690719941221,0.4528863898012105,-0.1322628053804414,1.5435623083805952,0
258,2.596658937161354,0.6400252547545242,2.4768065551341056,0.934886250096966,-0.4194478480079997,1.1134282653934966,0.4391250663141478,1
259,1.1623872465853278,-0.0976550243332277,1.1010538671612329,-0.0038692761199204,0.4835715137442483,-0.1435872696602041,-0.1089373684092419,1
260,-0.6865451703750538,-0.6096097921543807,-0.7104911393371796,0.1578233327786436,-0.2309535152150553,-1.923145942194401,-0.5827426077302718,0
261,1.122625259123814,0.5934839122253286,1.0475066068509111,0.8338283695353633,-1.9352929707940556,-0.8602640805080671,-1.0177567748261878,1
262,-0.0247920933370066,-0.7701774238801063,-0.0901667237422252,-0.0576465054187733,-0.5641062894537487,-0.2843341828515449,-0.6431458487665197,0
263,0.4353109044319366,0.9099650414238596,0.7509371651322081,3.2007483006888973,0.7904227531746242,0.6086807146383424,0.9949457154825612,1
264,-0.8257121264903514,3.378983262597694,-0.8723686262753048,-0.654248921734234,-1.4215363242049124,0.0165730108678738,-0.6026923020174729,0
265,-0.624062047221247,0.5213448313050756,-0.6359368769051166,-0.3369993609712031,0.7728883966357452,-0.7486372183218313,0.0811388854938146,0
266,-0.7717494292211545,-1.9709440611333564,-0.7673336156665974,-0.95417427440099,0.9833006751022884,0.1864399750643192,0.071164038350214,0
267,-0.3996908322598486,-0.376903079508402,-0.4526404858428624,-0.3961904053001418,-1.120822109563144,-1.1902913252325908,-1.3131230819116952,0
268,-1.010321353990236,0.2164990377388429,-0.8987303544280784,-1.059924127988667,-0.7920529244591705,-0.4914101011100701,1.997972011589068,0
269,-0.2434830243753313,-0.5281624427282887,-0.3055914709906723,-0.4059352723542963,-0.209035569541457,-0.63862813674699,-0.4275783188298169,0
270,1.102744265393058,0.2956193200384756,1.08869680708962,1.2618806779141514,-0.0643771280957086,0.5666184187420797,-0.4264700024805284,1
271,-1.3434700060784892,0.556250838201972,-1.3271084369106498,-1.0342987368462608,-1.0419175051381906,-0.8489396162283039,0.4496540716323935,0
272,0.1796981278936348,-1.0587337475611198,0.1194913954728026,-0.2251138503494289,-0.4545165610857573,0.336893571924029,-0.1150331083303311,0
273,1.3839183195851894,-0.0883467558273888,1.294647808283164,1.0265601846064196,-1.326850798894968,-0.0966716319297569,-1.027177463795144,1
274,-0.7433480096057878,1.079840941655424,-0.7187291793849214,-0.6004716924353811,-0.1125966085776244,-1.2760336976365112,0.1869830968509098,0
275,-0.4394528197213624,-0.2070271792768383,-0.5000092161173777,-0.4810068407714868,-1.2523297836047338,-0.6402459173583847,-1.088134863006036,0
276,-1.2156636178093387,-0.8399894376739001,-1.1932402861348463,-0.5607703822147516,0.4178176767234535,-0.6450992591925692,0.451316546156327,0
277,-1.2642300453516158,-1.4310644877946856,-1.1471072618674922,-0.4719838157213438,2.9909844988038894,-0.0853471676499942,2.906791418006014,0
278,-0.5019359428751696,-0.1744482395064011,-0.5337851803131186,-1.0296067638201862,-0.6123257699356645,0.1330532148882937,-0.6702995993240993,0
279,-0.7092663060673473,2.3271489214378698,-0.704312609301373,-0.3308637039371059,0.3608310179720982,-0.0271070656397842,-0.6509040632115424,0
280,1.074342845777691,0.402664407855626,1.3358380085218728,-0.0078394071419834,2.407967143886175,0.5569117350737116,1.986888848096179,1
281,0.4495116142396202,-1.2472261848043629,0.413177523174796,-0.337360281973209,-0.441365793681598,-0.2875697440743349,-0.7334736312335701,0
282,0.1910586957397818,-0.3792301466348622,0.1610934977138981,-0.6668811568044343,-0.4282150262774393,1.1312238521188382,-0.6148837818596514,0
283,-0.271884443990698,0.586502710845949,-0.2697559967829954,-0.7628861433379567,0.7860391640399038,1.281677448978548,0.6779672395859189,1
284,0.2393411090859055,-0.5444519126135072,0.1750981657950592,-0.4831723667835211,-0.4720509176246358,-0.8036417591092517,-1.08979733752997,0
285,0.1853784118167081,1.082168008781884,0.2237026020767358,-0.1713366210505761,1.421659588574254,0.6798630615397105,0.2861774101122716,1
286,0.6000391382010639,-0.1209256955978259,0.6932708847980156,-0.4254250064626054,0.1811038634485927,-0.2115340553387822,1.238775312326132,1
287,1.2305506536622086,-0.1791023737593206,1.1999103477341335,1.0630132058089976,0.3257623048943411,1.2849130102013373,0.1021968961303051,1
288,-0.8029909907980579,-0.2558955889324932,-0.7430313975257591,-0.5860348523551523,0.102199259023638,0.6588319135915788,2.5355054409942137,0
289,1.187948524239158,-0.1651399710005622,1.0969348471373614,-0.5322576230562995,-0.3931463131996823,0.4938182912293171,-0.8071766684612858,1
290,0.2251403992782218,-1.014519472158384,0.1845719118499624,-0.5795382743190493,-1.1339728769673034,-0.3441920654731503,-0.0673755053109059,0
291,-0.9165966692595254,-1.472951696070962,-0.9588680467765937,-0.4452756615729202,-0.6693124286870203,-0.263303034903414,-0.3932205120018595,0
292,1.4322007329313136,1.2822957816574256,1.6653596104315431,1.986249128939638,-1.2567133727394535,0.4452848728874753,1.0171120424683402,1
293,0.7420462362778981,0.535307234063834,0.7468181451083369,0.2032993790313647,1.0490545121230832,3.1744807643103754,0.1321214375611069,1
294,0.3330657938166161,1.3916679366010354,0.4296536032702797,0.1220921535800769,1.390974464631216,1.8220161731843856,0.8209400486441945,1
295,-0.5132965107213162,-1.6055945222791697,-0.5403756123513125,-0.6105774804915415,0.2687756461429859,-0.1193205604892832,-0.8997210836269133,0
296,-0.7660691452980813,-0.460677496060955,-0.7541527515902109,-0.4362526365227771,0.391516141915136,-0.5124412490582011,-0.1654615022229784,0
297,-0.6950655962596641,-0.7259631484773701,-0.6787746851533739,-0.1222513647777977,0.8868617141384569,-0.1565295145513623,-0.2053608907973808,0
298,-0.8427529782595717,0.4934200257875578,-0.8657781942371114,-0.4283123744786513,-0.1827340347331384,0.1217287506085301,-0.7046574061520569,0
299,0.114374862778291,0.0117171306103819,0.0939534713248029,-0.5474163051405398,-1.0287667377340317,-0.6952504581458054,-0.5162436267729339,0
300,-0.1611189074907671,-1.254207386183742,-0.1391830620262885,-0.5351449910723453,0.2293233439305085,0.2657112250226609,-0.120574690076776,0
301,-0.7916304229519114,-0.1581587696211826,-0.7912239318050485,-0.5853130103511408,0.6983673813455107,0.2576223219656873,-0.8930711855311798,0
302,1.7417762067388125,0.8704049002740436,1.6653596104315431,1.2719864659703115,-0.586024235127347,1.2752063265329692,-0.01473047871968,1
303,-0.1383977717984736,-0.6864030073275541,-0.196025538355707,-0.7867069294703345,-1.0287667377340317,-0.8974730345701457,-0.2048067326227365,0
304,-0.1383977717984736,-0.8586059746855784,-0.1890232043151265,-0.2922451567224935,-0.2002683912720175,-0.5998014020735165,-1.0443563672091225,0
305,0.1314157145475112,0.7889575508479507,0.1821004998356397,-0.6488351067041482,-1.3049328532213698,-1.0398377283728817,-0.2164440542902707,0
306,0.4608721820857667,-0.0162076749071357,0.6232475443922105,0.4158818492127356,0.992067853371728,2.174692346468436,1.1667347496223492,1
307,-1.2665021589208454,-0.2768391930706312,-1.2731492745979414,-0.2294449023734975,0.2819264135471446,0.2527689801315037,-0.2879304588194085,0
308,-0.317326715375285,0.6819124630308003,-0.4102145795969922,-0.8375967907531414,-2.240829133484015,-0.9799798457512766,-1.4139798696969903,0
309,0.6028792801626011,0.0512772717601986,0.7344610850367244,-0.3265326519130372,0.2337069330652277,0.675009719705526,0.4108629994072796,1
310,-0.9023959594518424,0.4794576230287994,-0.826647504010338,-0.6084119544795071,2.5657763527360826,0.1023153832717938,0.6713173414901854,1
311,-1.5780657321014195,-1.440372756300525,-1.5421212821567096,-1.005064135683797,1.390974464631216,0.1330532148882937,1.1611931678759042,0
312,0.3785080652012031,1.0844950759083436,0.4873198836044717,-0.260123187543984,1.7898810758907042,0.1815866332301355,1.260941639311911,1
313,-1.2074272061208822,-0.469985764566794,-1.196535502153943,-0.6910628639388178,0.4002833201845743,0.1427598985566619,-0.5622387552684255,0
314,0.387028491085813,0.1583223595773482,0.4296536032702797,0.8728078377519816,1.5663180300200024,0.4630804596128171,0.9949457154825612,1
315,1.4975239980466564,-0.2582226560589534,1.4511705691902574,0.2372259532199026,0.8517930010606987,1.115046046004891,-0.336696378188123,1
316,-1.4908733738822433,-0.8842037130766359,-1.4510909396291631,0.4797648665677488,-1.3531523337032856,-0.75510834076741,-0.5339766883615573,0
317,-0.3769696965675551,-0.4257714891640577,-0.3673767713487355,-0.1489595189262213,-1.6231814244020166,-1.476638493449457,-0.7434484783771708,0
318,1.51172470785434,0.0093900634839217,1.4223374290231612,0.6883772057270567,0.7597376292315864,0.7736943370006041,0.3077895789234064,1
319,-0.5416979303366829,0.1746118294625668,-0.5148376882033128,-0.8087231105926835,0.3432966614332191,-0.3102186726338612,0.2462780215378692,0
320,1.7502966326234215,-1.1518164326195115,1.7765731510760563,1.2705427819622883,0.2205561656610689,-0.8683529835650408,-0.3970996192243708,1
321,1.5401261274697071,2.206141430861961,1.7147878507179932,1.5787693176751765,-0.1871176238678588,-0.1338805859918359,0.917363571032334,1
322,-0.8995558174903052,-0.3885384151407011,-0.8723686262753048,-0.9184430952024236,0.4572699789359308,-0.9896865294196452,-0.064604714437683,0
323,0.2194601153551486,0.7540515439510542,0.4172965431986666,-0.5492209101505685,0.4178176767234535,-0.0562271166448887,1.748600832999053,1
324,-0.146918197683084,1.324182989933702,-0.1614257701551915,0.1852533289310785,-0.2572550500233728,-0.4040499480947548,-0.55281806629947,1
325,-1.0472431994902132,-0.8911849144560151,-1.0441317612707204,-0.7719091683880999,0.0758977242153205,-0.4622900501049647,-0.0695921380094837,0
326,-0.3542485608752617,-0.2489143875531144,-0.3097104910145429,0.1350853096522829,0.580010474708081,-0.5156768102809911,0.2762025629686711,0
327,0.9351758896623936,1.4591528832683691,0.9280550261586558,0.4490865813972621,-0.3536940109872055,-2.099484028836426,-0.8736756494186229,1
328,-1.3323934524284964,-0.2256437162885162,-1.3242251228939403,0.3707667239620204,0.0408290111375635,-0.7227527285395154,-0.1432951752371993,0
329,-0.1980407529907442,0.0792020772777155,-0.2524561126827377,0.232894901195834,0.3389130722984999,-0.0271070656397842,-0.5672261788402262,1
330,-0.7177867319519576,-1.5008765015884795,-0.7261434154278886,-0.626818925581799,0.4704207463400895,-0.2082984941159932,0.2002828930423776,0
331,-0.3343675671445053,-0.7608691553742674,-0.3636696533272515,-0.7065824670250639,0.6983673813455107,0.7753121176119996,0.6591258616480062,0
332,-0.0759146486446668,-0.5491060468664267,-0.0415622874605491,-0.5373105170843797,0.5975448312469589,1.17975727046068,1.2166089853403523,1
333,-1.5703973488052705,0.3933561393497871,-1.5367665561256778,-0.1695320160405475,1.3822072863617765,0.1152576281629519,-0.3782582412864589,0
334,0.5716377185856977,-1.0308089420436026,0.507914983723826,-0.6008326134373869,-0.5158868089718324,-0.198591810447625,-0.766168963537594,0
335,-0.271884443990698,-0.1465234339888835,-0.2466894846493184,-0.4261468484666167,2.0265948891655663,1.616558035537256,1.881598794913728,1
336,0.8215702112009257,1.0914762772877231,0.8580316857528507,0.706423255827343,1.3602893406881782,1.0179792093212074,0.0484435531897907,1
337,0.3898686330473496,0.4166268106143844,0.4502487033896341,3.482266682253361,0.8474094119259795,0.1654088271161883,1.15565158612946,1
338,-0.1525984816061572,0.5934839122253286,-0.1980850483676424,-0.2424380584457035,-1.396988225050482,-0.7356949734306731,-0.7595190654418605,0
339,-0.5956606276058803,-0.316399334220448,-0.6540605650101483,-0.6196005055416846,-1.3619195119727252,-1.1805846415642227,-0.752315009171482,0
340,-0.5388577883751463,0.0629126073924969,-0.5531445744253117,-0.1868562241368223,0.46165356807065,-0.3765476777010448,-0.1222371646007096,0
341,1.2277105117006717,0.6097733821105472,1.162839167519296,0.6883772057270567,0.6194627769205572,0.336893571924029,-0.4347823751001954,1
342,1.2731527830852585,0.2234802391182225,1.2411005479728423,1.6159441808817658,0.0627469568111618,-0.9055619376271192,-0.5395182701080022,1
343,-0.749028293528861,-1.0936397544580168,-0.7405599855114371,-0.7282377271454072,0.1241172046972362,0.0651064292097147,0.4352459590916372,0
344,0.8300906370855361,-0.0487866146775728,0.8827458058960763,-0.3943858002901132,1.6627569909838351,0.336893571924029,0.3693011363089436,1
345,1.755976916546495,1.8082129522373367,1.6859547105508974,-0.0269682202482868,0.8693273575995778,0.4048403576026071,-0.2192148451634928,1
346,-0.1327174878754004,-0.9633239953762688,-0.1523639261026756,-0.9563398004130244,-0.2134191586761762,0.7866365818917622,0.689050403078808,0
347,-0.8143515586442049,0.1559952924508889,-0.7516813395758883,0.2938905505348011,-1.2961656749519304,0.0877553577692411,-0.7678314380615275,0
348,-0.4053711161829224,-1.656789999061285,-0.4567595058667336,-0.6491960277061539,-0.0424591824221104,-0.2034451522818086,0.592626880690669,0
349,1.551486695315854,-0.265203857438333,1.5953362700257374,1.1954712135450982,0.5011058702831275,1.2007884184088118,0.4590747606013498,1
350,-1.5317714181283717,-0.5700496510045647,-1.5116405339800651,0.4032496141425355,0.5975448312469589,-0.7373127540420682,0.2606861340786263,0
351,1.187948524239158,0.3002734542913951,1.187553287662521,0.5043074947041382,0.7378196835579881,0.2802712505252136,-0.294580356915142,1
352,0.2336608251628317,-0.4001737507730002,0.2010479919454455,3.215185140769126,0.3827489636456965,0.8303166583994195,-0.6913576099605891,1
353,0.0348508878552639,0.6656229931455817,0.1833362058428011,1.077089124887221,1.3865908754964968,-0.0918182900955732,1.621144452830822,1
354,-0.3854901224521655,0.740089141192295,-0.422159737666218,-0.6080510334775014,0.4178176767234535,-0.1160849992664941,-0.1815320892876682,1
355,0.2762629545858821,-0.674767671695255,0.3134972385971207,0.0928575524176133,0.2731592352777051,-0.502734565389833,-0.3411296435852786,0
356,-0.3854901224521655,2.359727861208307,-0.4374001117545405,-0.592892351393261,-0.3931463131996823,-0.7987884172750677,-1.0587644797498794,0
357,-0.3201668573368216,0.5888297779724092,-0.1840803802864812,-0.3568500160815179,1.6627569909838351,2.3898571677839344,1.2886495480441351,1
358,-0.0049110996062497,-1.49156823308264,-0.079869173682548,-0.5344231490683339,-0.1871176238678588,-1.295447064973248,-0.7268237331378359,0
359,-0.6865451703750538,-0.8935119815824752,-0.6977221772631798,-0.2186172723133258,0.5975448312469589,-0.2196229583957559,-0.3261673728698773,0
360,-0.4110514001059956,1.058897337517286,-0.3822052434346706,0.0733678183093042,2.311528182922342,0.7801654594461832,1.0614446964398982,1
361,1.5344458435466342,-0.0906738229538489,1.545908029739287,2.5474812870585377,0.7509704509621469,0.1087865057173728,0.850310431900352,1
362,-0.1128364941446435,0.7726680809627321,0.067179841169642,-0.6968375999709093,1.4348103559784129,1.1247527296732591,3.2780773950178155,1
363,1.009019580662347,0.3375065283147517,1.0475066068509111,1.465801044047385,0.4134340875887343,-0.7081927030369631,-0.3638501287457019,1
364,-0.1952006110292076,0.5329801669373738,-0.2384514446015765,-0.6015544554413984,-1.0068487920604334,0.1508488016136356,-0.6919117681352341,1
365,-0.8654741139518652,-0.1069632928390675,-0.7689812236761461,-0.6993640469849494,3.771263364783988,2.027474310831516,3.1229131061173616,1
366,-0.6865451703750538,-0.4886023015784719,-0.7121387473467276,-0.5777336693090206,-0.003006880209633,-0.5318546163949384,-0.7190655186928131,0
367,-0.4735345232598024,-1.5032035687149392,-0.5411994163560865,-0.2799738426542988,-1.664825521181853,-1.0042465549221975,-0.7573024327432827,0
368,-0.6354226150673935,-0.2186625149091366,-0.6033966187165369,-0.3929421162820902,0.356447428837379,0.8028143880057095,-0.0163929532436135,0
369,-0.5274972205289998,-0.3187264013469074,-0.5584993004563442,-0.2561530565219211,-0.3668447783913642,0.8966456634666031,-0.8304513117963541,0
370,-0.0787547906062035,-0.9563427939968894,-0.1227069819308054,-0.5676278812528603,-0.6079421808009453,0.0877553577692411,-0.821584781002042,0
371,-0.6212219052597104,-0.2442602533001949,-0.669712841100858,-0.6419776076660394,-0.7876693353244507,-0.1872673461678614,-0.5467223263783807,0
372,-0.8143515586442049,0.1257434198069111,-0.8513616241535636,-0.9772732185293566,-0.9454785441743584,-0.5561213255658592,-0.4331199005762619,0
373,1.3185950544698457,0.4980741600404773,1.2740527081638098,0.8554836296557067,0.7641212183663055,1.259028520419022,0.8176150995963273,1
374,2.579618085392134,1.787269348099199,2.534472835468298,2.3561931559955047,0.6896002030760724,0.3271868882556609,0.1565043972454638,1
375,0.8187300692393895,0.2258073062446827,0.7303420650128537,0.6519241845244788,-0.9323277767701992,0.6054451534155534,-1.0670768523695464,1
376,3.9712876465451097,-0.1907377093916197,3.9761298438231054,8.906909342399384,-0.7964365135938902,-2.0266839013236635,-1.5902021692339348,1
377,-0.101475926298497,-1.4008126151507088,-0.1610138681528042,-0.6715731298305088,-0.6736960178217395,-0.1257916829348623,-0.8869754456100906,0
378,-0.6922254542981275,1.1985213651048736,-0.6425273089433098,-0.3951076422941246,1.9476902847406128,-0.1581472951627568,0.8730309170607753,0
379,-0.7461881515673244,-0.1953918436445392,-0.7698050276809201,-0.045014270348573,-0.6167093590703843,-0.260067473680624,-1.057102005225946,0
380,-0.0219519513754695,1.829156556375475,-0.0242624033602914,-0.146793992914187,-0.3624611892566444,-1.0527799732640393,-0.0407759129279704,0
381,3.775317851199079,1.624374649247014,3.9102255234411714,7.730306875860725,0.1460351503708345,-0.420227754208702,-0.5361933210601351,1
382,-0.2122414627984274,2.659919520521619,-0.2318610125633833,-0.2323322703895434,-0.6649288395523005,-1.140140126279355,-0.3987620937483044,0
383,0.7022842488163854,2.045573799136235,0.6726757846786612,0.1848924079290727,-0.809587280998049,-1.1045489528286705,-0.3184091584248545,1
384,-1.0330424896825297,-0.1581587696211826,-1.0342461132134304,-0.9263833572465496,0.391516141915136,-1.1126378558856442,-0.3062176785826762,0
385,-0.7007458801827374,-0.5165271070959896,-0.7525051435806623,-0.1868562241368223,-1.4373172450899032,-0.2746274991831767,-0.8697965421961115,0
386,-0.9705593665287224,0.2560591788886597,-0.9255039845832392,-0.3081256808107454,0.0495961894070031,-0.478467856218912,0.1698041934369315,0
387,-0.1213569200292539,-0.3838842808877816,-0.1733709282244168,-0.5849520893491351,-0.5465719329148696,-0.6192147694102528,-0.7949851886191073,0
388,-0.6070211954520268,1.3032393857955638,-0.5914514606473111,-0.5156552569640364,-0.0556099498262691,-0.4881745398872802,-0.0795669851530843,0
389,0.9692575932008332,0.0070629963574624,0.9527691463018808,-0.0291337462603211,0.2512412896041068,0.0440752812615838,-0.2923637242165641,1
390,1.4378810168543867,-0.7794856923859457,1.4140993889754192,2.1468589748321847,-0.8753411180188438,-0.7405483152648576,-1.187883334442043,1
391,-0.2406428824137946,0.2304614404976021,-0.1914946163294491,-0.1254996537958492,0.9043960706773349,1.3560953571027057,1.0392783694541192,1
392,-1.1154066065670938,-0.4211173549111383,-1.1088003756454934,-0.1749458310706333,-1.6262499367963206,-0.0529915554220996,-0.3245048983459438,0
393,-0.624062047221247,-1.9500004569952183,-0.652001054998213,-0.5521082781666143,0.2205561656610689,-0.7130460448711473,-0.6276294198764741,0
394,0.0263304619706541,0.8913485044121816,0.0988962953534482,-0.4301169794886799,0.9175468380814936,3.664668289562976,3.361201121214488,1
395,0.0206501780475803,0.2886381186590968,0.0181635028855786,-0.2070678002491427,-0.748217033111974,-0.5933302796279374,-0.2973511477883648,0
396,-0.305966147529138,-1.2681697889425008,-0.3813814394298966,-0.0276900622522982,-1.3487687445685663,-1.284122600693485,-1.0055652949840093,0
397,0.3983890589319595,3.320806584436199,0.483200863580601,-0.5892831413732038,2.451803035233372,0.988859158316103,2.020138338574847,1
398,-0.2889252957599182,-0.8679142431914173,-0.196025538355707,-0.0518717693866818,2.35974766340426,0.3983692351570281,3.133996269610252,1
399,1.5401261274697071,0.9122921085503196,1.5211939095960625,0.7417935140239039,-0.3186252979094485,-0.5253834939493592,-0.4392156404973511,1
400,1.8298206075464487,-0.3536324082438046,1.6859547105508974,0.4992546006760577,-0.3756119566608037,-0.2438896675666768,0.2811899865404717,1
401,-0.5843000597597333,-1.3612524740008924,-0.5823896165947953,-0.5553565671846658,0.8649437684648587,-0.1937384686134404,-0.189844461907336,0
402,-0.760388861375008,0.3910290722233269,-0.7479742215544044,-0.288996867704442,1.0227529773147657,-0.2244763002299404,0.2529279196336035,0
403,0.2819432385089553,-0.6072827250279214,0.2805450784061538,-0.4838942087875325,0.733436094423269,0.831934439010815,0.7455745368925453,1
404,0.5687975766241605,-0.3280346698527471,0.6191285243683399,-0.2568748985259325,0.5361745833608844,2.215136861753304,2.180844209221747,1
405,0.6170799899702847,-0.8353353034209806,0.5243910638193098,-0.7163273340792184,0.1328843829666758,-0.971890942694303,-0.6453624814650974,0
406,-0.9449980888748922,0.6260628519957657,-0.9547490267527222,-0.3517971220534379,-0.0906786629040261,0.1039331638831883,-0.4059661500186829,0
407,-0.4280922518752159,-0.4979105700843116,-0.4674689579287975,-0.8516727098313647,-0.432598615412159,0.5973562503585798,-0.5899466640006495,0
408,1.7247353549695914,1.7546904083287618,1.7189068707418638,2.0605988553528167,-0.2002683912720175,0.5989740309699743,-0.4225908952580171,1
409,0.3529467875473725,0.8075740878596294,0.3390351627451203,-0.3330292299491402,-0.2923237631011298,-0.5577391061772538,-0.8681340676721787,1
410,2.664822344238235,1.1589612239550569,2.600377155850232,2.1793418650127,0.83864223365654,-0.4978812235556493,-0.3638501287457019,1
411,-1.0983657547978736,-1.0657149489404991,-1.0614316453709782,-0.2424380584457035,0.1591859177749945,-0.75510834076741,0.051768502237657,0
412,-0.4848950911059494,-0.9889217337673266,-0.5502612604086023,-1.0462091299124494,-1.2567133727394535,0.0003952047539266,-0.8930711855311798,0
413,0.4892736017011335,1.0844950759083436,0.483200863580601,-0.0067566441359663,-0.8446559940758059,-0.1484406114943887,-1.167933640154842,1
414,-0.4650140973751925,-0.5677225838781046,-0.5263709442701513,-0.8430106057832273,-0.963012900713237,-1.5915009168584824,-1.2305535138896675,0
415,-0.0702343647215931,-0.7282902156038302,-0.1482449060788044,-0.5452507791285056,-2.08345828354758,-0.5803880347367801,-0.9817364934742968,0
416,-1.2454851084054734,-0.8423165048003598,-1.2550255864929096,-0.493639075841687,0.6282299551899967,-0.0966716319297569,-0.1216830064260645,0
417,-0.9449980888748922,-2.2292485121703924,-0.9555728307574968,-0.8386795537591586,0.4923386920136878,-1.3116248710871954,-0.3854622975568367,0
418,1.9292255762002333,1.3497807283247594,2.101975732961856,2.010430836074021,0.3652146071068173,0.0456930618729784,0.8192775741202609,1
419,0.4551918981626935,-1.8638989733162064,0.4461296833657629,-0.8740498119557195,0.9526155511592506,-0.5561213255658592,-0.1183580573781982,0
420,-0.3542485608752617,2.241047437758858,-0.3900313814800252,-0.6986422049809379,-0.4238314371427195,-0.8554107386738831,-0.638712583369364,0
421,-1.3801078373823124,-1.4938953002091002,-1.2554374884952966,0.0087629589502798,2.535091228793046,0.2220311485150037,2.286134262404198,0
422,-0.1071562102215702,1.0426078676320674,-0.1412425720382238,0.1065725504938307,-1.695949004038363,-0.3846365807580185,-1.149092262216929,0
423,-0.5189767946443894,-0.7887939608917847,-0.5411994163560865,-0.6026372184474156,-0.998081613790994,-0.6774548714204632,-1.1574046348365965,0
424,-0.3684492706829453,-0.828354102041601,-0.3739672033869287,-0.9213304632184692,0.0101438871945257,0.1702621689503719,-0.3283840055684552,0
425,-0.6780247444904439,-1.070369083193419,-0.6449987209576324,-0.7679390373660369,-1.0989041638895458,-0.4800856368303066,0.822602523168128,0
426,-0.305966147529138,0.0047359292310023,-0.3855004594537672,-0.0042301971219261,-1.326850798894968,-0.7470194377104363,-1.1668253238055526,0
427,-0.9222769531825988,-0.8539518404326589,-0.8880209023660145,-0.9274661202525666,0.0364454220028443,-0.5172945908923856,1.3329822020156932,0
428,1.5912486827773675,0.1234163526804517,1.5953362700257374,1.302664751140798,1.6934421149268728,-0.2455074481780722,2.5355054409942137,1
429,-1.313080487090047,-1.593959186646871,-1.3028062187698115,-0.4615171066631777,0.0013767089250861,-0.7292238509850946,-0.3444545926331457,0
430,-0.734827583721178,-1.9942147323979544,-0.751269437573501,-0.9888226905935396,-1.0156159703298724,0.7914899237259468,-0.5323142138376237,0
431,-1.2417929238554757,2.073498604653753,-1.247611350449942,-0.8195507406528553,-0.9367113659049188,-0.937917549855014,-0.6558914867833431,0
432,-0.6751846025289073,0.2071907692330039,-0.6536486630077616,0.3487505428396713,0.1504187395055549,0.432342627996318,-0.225864743259227,0
433,-0.794470564913448,-1.1937036408957875,-0.831178426036596,-0.6051636654614556,-0.2835565848316903,-0.2309474226755195,-1.1130719808650382,0
434,-0.3854901224521655,0.4934200257875578,-0.4098026775946055,1.1763424004387948,-1.687181825768923,-1.1676423966730645,-0.844305266162466,0
435,0.1342558565090478,0.9309086455619976,0.0824202152579644,0.0379975601127434,-0.0512263606915487,-0.6855437744774369,-0.8637008022750222,1
436,0.2450213930089787,0.6563147246397427,0.2290573281077678,-0.312456732834814,-1.0813698073506672,0.4242537249393444,0.4745911894913946,0
437,1.0573019940084711,-1.4101208836565478,0.9321740461825264,0.282341078470618,-1.4793997007832118,-1.808283518785376,-1.398463440806945,0
438,1.577047972969684,0.556250838201972,1.5623841098347713,0.7847431132625852,-0.4632837393551963,1.8511362241894915,-0.2641016573096959,1
439,-0.1781597592599874,-1.5311283742324564,-0.2586346427185442,-0.6524443167242054,-1.8471828291861905,-1.0252777028703288,-1.220578666746067,0
440,-0.5502183562212933,-1.3961584808977892,-0.5309018662964092,-0.7387044362035732,0.4528863898012105,0.9192945920261294,0.4690496077449504,0
441,0.0831333012013876,0.1117810170481526,0.1034272173797061,-0.4174847444184795,0.4704207463400895,-0.2956586471313085,0.5311153233051319,1
442,2.057031964469384,-0.9749593310085676,2.031952392556052,-0.2301667443775091,-0.5772570568579074,-0.2762452797945713,0.1504086573243745,1
443,1.3895986035082628,1.23342737200177,1.2369815279489715,0.5209098607964011,-0.3273924761788874,1.7071537497753606,0.4950950419532408,1
444,-0.3201668573368216,1.3590889968305984,-0.3855004594537672,-0.5163770989680477,-0.4632837393551963,-0.9621842590259349,-1.165717007456264,0
445,0.5403961570087943,-0.8795495788237164,0.5697002840818892,-0.2456863474637551,0.4879551028789675,0.1912933168985037,0.4042131013115461,1
446,0.0178100360860437,1.0519161361379064,0.037110994995385,0.0560436102130296,1.0315201555842053,2.9496092593265084,1.0337367877076742,1
447,-0.2804048698753079,0.3375065283147517,-0.2466894846493184,-0.3247280469030086,0.1197336155625171,-0.546414641897491,-0.1222371646007096,0
448,1.2873534928929422,-0.5048917714636905,1.2122674078057465,1.110293857071747,0.7860391640399038,-0.0109292595258369,0.0340354406490336,1
449,-0.2974457216445281,-0.8330082362945205,-0.2611060547328669,-0.7939253495104489,-0.0512263606915487,0.4582271177786334,-0.1172497410289089,0
450,-1.4880332319207066,-1.0820044188257176,-1.3666510291398104,0.4368152673290676,-0.5115032198371127,-1.0463088508184606,1.3551485290014722,0
451,-0.7064261641058107,-0.2233166491620569,-0.6919555492297604,-0.3579327790875352,1.5970031539630405,-0.1532939533285723,0.3892508305961448,0
452,0.0462114557014104,-0.5747037852574842,-0.0687478196180968,-0.9924319006135968,-2.047074493729407,-0.7162816060939368,-1.2604780553204695,0
453,-0.0418329451062263,0.0768750101512562,-0.0349718554223553,-0.6654374727964114,1.268233968859066,0.4501382147216598,1.1944426583545733,1
454,-0.5530584981828299,0.2863110515326367,-0.6075156387404076,-0.7679390373660369,-0.8797247071535635,-0.3344853818047821,-0.8404261589399546,0
455,-0.4706943812982658,-0.1604858367476419,-0.4481095638166044,-0.0327429562803783,0.4485028006664913,0.1832044138415301,0.1969579439945105,0
456,1.3668774678159696,0.4701493545229596,1.3028858483309054,1.3845938185960969,-0.5728734677231877,-0.5658280092342274,-1.0005778714122089,1
457,0.3785080652012031,0.044296070380819,0.4008204631031835,0.2494972672880972,0.9745334968328488,-0.103142754375336,-0.2081316816706036,1
458,-0.4905753750290226,-0.3745760123819427,-0.4324572877258952,-0.8246036346809354,0.5537089398997623,-0.5577391061772538,0.5344402723529991,0
459,-0.734827583721178,-1.1285457613549137,-0.7133744533538888,-0.4575469756411148,0.0934320807541996,-0.9249753049638562,-0.1444034915864886,0
460,1.8383410334310597,2.3364571899437085,1.9825241522696,1.1579354293365027,1.4304267668436934,1.9190830098680691,2.21963528144686,1
461,2.238801050007732,0.6074463149840871,2.2749745739644323,2.175732654992643,-0.1301309651165035,-0.2584496930692295,0.0994261052570822,1
462,0.9777780190854436,-0.9865946666408664,0.9486501262780102,0.7042577298153084,-0.3010909413705693,-0.2341829838983086,-0.2635474991350516,1
463,-0.2236020306445744,-0.798102229397624,-0.2256824825275773,-0.4301169794886799,0.9306976054856524,1.0131258674870238,0.9783209702432264,0
464,-0.0645540807985198,-0.6212451277866798,-0.1235307859355794,-0.9011188871061488,-1.688935261422811,-0.3587520909757021,-0.3860164557314809,0
465,-0.260523876144551,1.387013802348116,-0.3241270610980913,-0.7101916770451211,-0.1520489107901018,-0.7389305346534627,-0.8903003946579577,0
466,0.7534068041240457,-0.1139444942184463,0.71386598491737,0.6995657567892342,-0.6824631960911791,-0.1468228308829932,-0.6464707978143868,1
467,0.2393411090859055,0.1094539499216933,0.1454412216231889,-0.7982564015345176,-1.2216446596616966,-0.4121388511517284,-1.2798735914330264,0
468,0.6057194221241382,0.6027921807311676,0.6397236244876943,0.5970641922196088,0.4485028006664913,-0.2665385961262031,-0.2447061211971389,1
469,-0.5076162267982429,-1.6335193277966875,-0.5366684943298285,-1.0415171568863753,-0.1388981433859418,0.3385113525354236,-0.4447572222437961,0
470,1.4123197392005566,1.6290287834999335,1.5294319496438036,0.4108289551846557,0.2994607700860225,-0.9540953559689612,0.4479915971084599,1
471,0.1938988377013185,-1.0680420160669593,0.1108414534226734,-0.6748214188485602,-0.809587280998049,-0.9168864019068824,-1.248286575478291,0
472,-1.12676717441324,0.0698938087718765,-1.12198123972188,-0.5813428793290778,-0.2572550500233728,-1.0333666059273023,-0.9157916706916038,0
473,-2.0296483039857525,-1.363579541127352,-1.984504032720442,-0.6535270797302226,1.1411098839521967,0.0505464037071629,0.5471859103698217,0
474,1.824140323623376,0.3654313338322694,1.8877866917205708,1.0590430747869346,-0.244104282619214,0.2851245923593973,-0.4575028602606195,1
475,-0.0929555004138866,-0.8143916992828426,-0.0633930935870642,-0.4564642126350975,0.3827489636456965,-0.5043523460012275,1.0559031146934532,1
476,-0.5757796338751234,-0.3652677438761038,-0.5725039685375053,-0.4369744785267885,0.4748043354748087,0.2398267352403455,-0.7279320494871252,0
477,2.125195371546264,0.6958748657895596,2.1596420132960485,0.7905178492946765,0.7816555749051847,1.5000778315168353,0.9284467345252232,1
478,-1.1636890199132173,0.4631681531435808,-1.1854141480894915,-0.7942862705124547,-0.8665739397494042,-0.8926196927359616,-0.1848570383355353,0
479,-0.7177867319519576,1.210156700737172,-0.7306743374541466,-0.5557174881866715,-1.6183594763538252,0.555293954462317,-0.9141291961676704,0
480,-0.1696393333753775,-1.943019255615839,-0.1671923981886108,0.0177859840004229,0.5580925290344827,-0.3086008920224658,-0.6669746502762323,0
481,-0.2406428824137946,-1.2960945944600182,-0.254515622694673,-0.8007828485485577,-0.6912303743606186,-0.2665385961262031,-0.5954882457470945,0
482,-1.0898453289132637,1.9362016441926253,-1.0832624514974938,-0.6686857618144629,0.2643920570082655,-1.091606707937513,-0.0618339235644609,0
483,-0.3883302644137021,-0.1046362257126074,-0.4159812076304115,-0.6636328677863829,-0.1125966085776244,-0.2535963512350458,-0.6409292160679418,0
484,0.872692766508586,1.2171379021165514,0.9156979660870432,0.6696093136227592,1.145493473086916,0.6669208166485524,2.768251874344894,1
485,-0.8512734041441816,0.7331079398129162,-0.843535486108209,-0.4517722396090231,-1.037533916003471,0.4339604086077125,-0.2009276254002251,0
486,-0.5871402017212699,-1.524147172853077,-0.6231679148311167,-0.8047529795706206,-0.2134191586761762,-0.6256858918558319,-0.2751848208025858,0
487,-1.2454851084054734,-0.0394783461717331,-1.2373138003902648,1.0514637337448145,0.3257623048943411,0.4776404851153698,-0.2136732634170486,0
488,-0.1270372039523271,-0.6887300744540142,-0.1733709282244168,-0.7235457541193329,-0.261638639158092,-0.1532939533285723,-0.3394671690613451,0
489,-1.121086890490167,-0.4094820192788392,-1.1059170616287834,-0.571958933276929,0.3608310179720982,0.2495334189087136,0.2230033782028017,0
490,-0.7405078676442511,-0.1255798298507454,-0.7673336156665974,-0.2897187097084533,-0.3273924761788874,0.6555963523687897,-0.7528691673461263,0
491,0.5375560150472571,0.9192733099296984,0.4420106633418922,-0.0926558426133284,-0.6254765373398238,0.0764308934894783,0.0318188079504558,1
492,-0.6780247444904439,-1.2262825806662248,-0.73026243545176,0.5656640650451107,-1.2610969618741732,0.3239513270328709,-0.9457162121224056,0
493,1.170907672469938,0.1606494267038084,1.1381250473760702,0.1498830707345175,0.5186402268220053,0.2624756637998718,-0.01473047871968,1
494,0.1399361404321211,1.100784545793562,0.1071343354011895,-0.119363996761752,-0.9147934202313206,-0.6127436469646746,-0.6364959506707861,0
495,-1.0330424896825297,8.179497808282562e-05,-1.0115915030821407,-0.1810814881047307,-0.4589001502204771,-0.1209383411006778,-0.4669235492295751,0
496,0.2705826706628089,1.5010400915446451,0.2484167222199609,0.8959067818803477,1.47426265819089,-0.3991966062605703,0.5782187681499128,1
497,-0.714946589990421,-0.7608691553742674,-0.6800103911605352,-0.5759290642989919,0.4002833201845743,-0.1840317849450723,-0.5361933210601351,0
498,-0.6496233248750772,-0.0813655544480092,-0.6779508811485994,-0.6603845787683312,-0.1915012130025779,-0.5917124990165429,-0.2225397942113599,0
499,-0.6354226150673935,-0.4490421604286559,-0.6495296429838904,0.8518744196356495,0.1548023286402741,-1.101313391605881,-1.3086898165145393,0
500,-0.7916304229519114,0.4585140188906614,-0.802757187871887,-0.616352216523633,1.645222634444956,-0.1160849992664941,0.2423989143153578,0
501,-1.3724394540861635,-1.254207386183742,-1.318458494860521,-0.1854125401287993,2.307144593787624,1.262264081641811,0.3255226405120298,0
502,-1.336085636978494,1.99903245660704,-1.3472916350276172,0.4775993405557143,-1.0989041638895458,-0.6887793357002264,-0.7899977650473066,0
503,-0.6979057382212008,0.1699576952096473,-0.6903079412202124,-0.7163273340792184,0.992067853371728,0.4938182912293171,0.3077895789234064,0
504,-0.351408418913725,-0.8353353034209806,-0.3249508651028653,-0.4109881663823764,-1.451344730321006,-1.458842906724115,-0.702440773453479,0
505,0.8698526245470498,0.6470064561339038,0.8086034454664001,0.0545999262050066,1.027136566449485,0.5099960973432643,-0.4569487020859745,1
506,1.278833067008332,1.3544348625776788,1.352314088617356,1.5358197184364952,0.733436094423269,0.8788500767412613,0.7688491802276136,1
507,-0.2889252957599182,0.7563786110775136,-0.2038516764010616,-0.7654125903519968,0.1109664372930775,1.985412014935253,1.310815875029914,0
508,-0.0531935129523733,-1.4240832864153066,-0.0683359176157095,0.5086385467282067,0.3082279483554621,-1.1983802282895646,-0.6326168434482747,0
509,-0.6325824731058569,-1.079677351699258,-0.5708563605279567,-0.0323820352783726,0.4397356223970518,-0.2810986216287558,1.0891526051721223,0
510,-0.271884443990698,-0.2489143875531144,-0.3167128250551235,-0.7322078581674702,-0.1827340347331384,-1.07704668243496,-0.8143807247316635,0
511,-1.10120589675941,-0.7236360813509107,-1.0482507812945916,-0.1352445208500037,0.3432966614332191,-0.4736145143847284,0.7245165262560548,0
512,3.1504866196610077,1.3078935200484831,3.2758964397650563,1.776193105772307,1.0928904034702798,-0.8829130090675935,1.1722763313687945,1
513,-0.1838400431830606,0.3561230653264304,-0.1470092000716431,-0.6935893109528578,1.2550832014549074,-0.1516761727171778,1.28310796629769,1
514,-0.8058311327595951,-1.454335159059284,-0.8130547379315641,-0.7751574574061513,0.1504187395055549,-0.2713919379603877,-0.2064692071466701,0
515,-0.3599288447983354,-0.3001098643352294,-0.3616101433153162,-0.504105784899853,-0.1520489107901018,-0.1969740298362304,-0.2641016573096959,0
516,1.5798881149312212,0.4561869517642012,1.5665031298586418,1.2286759457296248,0.5274074050914449,1.15225500006697,0.2013912093916669,1
517,2.1109946617385806,0.7214726041806171,2.060785532723147,2.7820799383622576,0.378365374510976,-1.3601582894290372,-0.7090906715492125,1
518,0.0774530172783143,1.7919234823521184,0.0115730708473854,-0.626818925581799,-1.3443851554338466,-0.8990908151815408,-1.0698476432427686,0
519,-0.5189767946443894,-0.0627490174363313,-0.5803301065828599,-0.7982564015345176,-0.4457493828163177,-0.5609746674000429,-0.6581081194819209,0
520,-0.4280922518752159,1.089149210161263,-0.4374001117545405,-0.5784555113130321,-0.4238314371427195,-0.1209383411006778,0.6596800198226512,0
521,0.4693926079703766,0.8424800947565259,0.5655812640580186,0.5299328858465444,2.329062539461222,0.6038273728041588,2.286134262404198,1
522,1.7190550710465182,1.089149210161263,2.1308088731289514,1.900349930462276,1.3822072863617765,4.107940177085132,0.8697059680129089,1
523,-0.658143750759687,-0.4420609590492763,-0.6878365292058898,-0.7913989024964089,0.1416515612361154,0.4841116075609489,-1.0077819276825872,0
524,-0.3258471412598949,0.014044197736842,-0.3068271769978336,-0.493639075841687,-0.1564324999248209,1.1247527296732591,0.4274877446466144,0
525,-0.101475926298497,0.6982019329160188,-0.0551550535393229,0.7721108781923846,1.8117990215643025,0.2899779341935818,0.5200321598122419,1
526,0.4693926079703766,-0.325707602726287,0.4790818435567298,0.3631873829199002,0.3169951266249016,1.4418377295066254,1.15565158612946,1
527,-0.0191118094139328,-0.490929368704932,-0.0914024297493865,-0.9195258582084408,-1.1295892878325835,-0.6111258663532791,-0.9894947079193196,0
528,0.6625222613548717,0.1909012993477854,0.71386598491737,-0.3662339621336666,0.4002833201845743,0.2479156382973191,0.6231055802961152,1
529,-1.8172056852628085,1.4428634133831504,-1.8119170937202524,-0.0991524206494315,-0.2967073522358502,0.2543867607428982,0.8552978554721519,0
530,-0.1866801851445972,-1.216974312160385,-0.1914946163294491,-0.8892084940399599,0.3038443592207429,0.5277916840686061,0.5161530525897305,0
531,-0.0276322352985432,0.4561869517642012,-0.0897548217398379,-0.5279265710322307,-0.1608160890595401,-1.091606707937513,-0.430903267877684,0
532,-0.0475132290292996,-0.5211812413489091,-0.0222028933483555,0.0715632132992756,0.8254914662523812,0.2705645668568455,-0.2424894884985611,1
533,-0.9591987986825758,-1.005211203652545,-0.976579832879238,-0.5510255151605971,-1.0857533964853872,-0.971890942694303,-0.9008293999762026,0
534,-0.8115114166826684,-1.472951696070962,-0.7747478517095653,-0.5376714380863854,1.2550832014549074,0.7154542349903942,0.4546414952041934,0
535,0.5773180025087709,0.5236718984315348,0.586176364177373,0.1011587354637448,0.3126115374901824,0.9370901787514712,-0.4297949515283956,1
536,-0.8171917006057415,-1.049425479055281,-0.848066408134467,-0.6885364169247777,-0.6912303743606186,-0.1387339278260205,-0.5411807446319358,0
537,0.1001741529706078,0.505055361419857,0.0939534713248029,0.0549608472070123,-0.0775278954998674,0.1929110975098982,-0.8581592205285781,1
538,1.934905860123307,0.9937394579764116,1.93309591198315,2.161295814912414,-0.4939688632982341,0.364395842317739,-0.3023385713601648,1
539,1.080023129700764,1.2078296336107124,0.956888166325752,0.0578482152230582,-0.03807559328739,-0.6418636979697792,-0.2474769120703618,1
540,0.3387460777396894,-0.469985764566794,0.4626057634612466,0.9168401999966798,1.9345395173364528,0.5779428830218425,1.9480977758710647,1
541,-0.4735345232598024,1.1054386800464815,-0.3294817871291233,-0.388250143256016,2.320295361191782,2.3704438004471973,6.846856039728261,1
542,0.986298444970054,0.9402169140678364,1.1134109272328452,1.8902441424061156,-0.5115032198371127,-0.9702731620829084,2.130969973503743,1
543,-0.5899803436828065,0.7982658193537896,-0.5444946323751831,-1.031411368830215,-1.945375225803911,-1.1482290293363282,0.528898690606554,0
544,-0.3599288447983354,-1.3891772795184096,-0.3768505174036386,-0.6639937887883886,0.9789170859675692,-0.8392329325599358,0.0877887835895481,0
545,-0.6041810534904902,-0.8469706390532793,-0.6186369928048587,-0.6426994496700509,0.2337069330652277,0.7736943370006041,-0.2607767082618288,0
546,-0.1895203271061339,-0.1255798298507454,-0.1865517923008039,-0.7412308832176133,1.3164534493409816,0.9985658419844712,0.1498544991497303,0
547,0.2592221028166618,-0.593320322269163,0.2784855683942184,-0.1197249177637577,-0.8271216375369275,-1.170877957895854,0.0855721508909702,0
548,-0.8313924104134252,2.345765458449548,-0.87731145030395,-0.3286981779250715,-1.740223254299031,-2.159341911458031,-1.3796220628690328,0
549,-0.8257121264903514,0.1327246211862907,-0.8249998960007899,-0.388250143256016,0.4397356223970518,0.6329474238092633,-1.037706469113389,0
550,-1.2355446115400954,-0.5351436441076683,-1.2138353862542008,-0.0078394071419834,0.6282299551899967,-0.5949480602393319,0.0406853387447679,0
551,1.7048543612388345,2.085133940286052,1.615931370145092,1.3004992251287637,-0.6912303743606186,-0.5318546163949384,-0.973978279029274,1
552,-0.09011535845235,1.037953733379148,-0.0168481673173235,0.5761307741032767,3.955374108442213,2.477217320799249,1.366231692494362,1
553,-0.8455931202211083,-1.4450268905534445,-0.8690734102562081,-0.6499178697101653,0.0758977242153205,-0.0675515809246524,-0.899166925452269,0
554,0.8925737602393428,1.4265739434979328,0.8415556056573675,0.3783460650041405,0.4923386920136878,-0.6483348204153583,-0.2496935447689396,1
555,0.4466714722780831,0.2374426418769809,0.3802253629838291,-0.1273042588058779,0.3958997310498552,0.8675256124614985,0.1310131212118176,1
556,-1.2466211651900885,-1.7033313415904807,-1.2657350385549735,-0.7448400932376705,-0.3931463131996823,0.3304224494784499,-0.1349828026175323,0
557,1.1141048332392045,-0.7306172827302904,1.162839167519296,2.0768403004430747,0.6764494356719124,1.3755087244394415,1.4881464909161473,1
558,1.097063981469984,0.3188899913030738,1.0639826869463946,0.1751475408749182,0.6939837922107915,0.2576223219656873,0.0600808748573241,1
559,-0.9393178049518188,1.1449988211962985,-0.9506300067288516,0.4129944811966897,-0.524653987241272,0.2560045413542927,-0.4259158443058842,0
560,-0.6751846025289073,-0.4025008178994604,-0.6622986050578902,0.1199266275680426,0.1109664372930775,-0.6839259938660422,-0.3533211234274571,0
561,-0.5076162267982429,0.6819124630308003,-0.4991854121126036,-0.3979950103101704,0.5624761181692018,-1.0236599222589342,0.3809384579764778,0
562,2.545536381853694,0.1257434198069111,2.4768065551341056,3.1971390906688395,-0.5465719329148696,0.0117196690336893,-0.619317047256807,1
563,0.0888135851244608,-0.9563427939968894,0.0824202152579644,-0.5939751143992782,-0.0336920041526708,-0.3393387236389658,-0.3943288283511488,0
564,0.1456164243551948,-0.5677225838781046,0.0923058633152543,-0.6668811568044343,-0.7964365135938902,-0.7211349479281209,-0.9966987641896972,0
565,0.5517567248549408,0.083856211530635,0.4996769436760842,1.2351725237657276,0.7728883966357452,-0.4056677287061493,-1.1125178226903938,1
566,-0.7405078676442511,-1.014519472158384,-0.7455028095400817,-0.5376714380863854,0.2863100026818638,-0.383018800146623,-0.3245048983459438,0
567,0.0263304619706541,1.9920512552276608,0.0239301309189979,-0.2518220044978526,-1.0638354508117889,-1.63518099336614,-0.3317089546163223,0
568,1.875262878931036,2.753002205580011,1.8012872712192811,2.767643098282029,0.3389130722984999,-0.0529915554220996,-0.097854204916352,1
